Ano,Mês,UF,IMPOSTO SOBRE IMPORTAÇÃO,IMPOSTO SOBRE EXPORTAÇÃO,IPI - FUMO,IPI - BEBIDAS,IPI - AUTOMÓVEIS,IPI - VINCULADO À IMPORTACAO,IPI - OUTROS,IRPF,IRPJ - ENTIDADES FINANCEIRAS,IRPJ - DEMAIS EMPRESAS,IRRF - RENDIMENTOS DO TRABALHO,IRRF - RENDIMENTOS DO CAPITAL,IRRF - REMESSAS P/ EXTERIOR,IRRF - OUTROS RENDIMENTOS,IMPOSTO S/ OPERAÇÕES FINANCEIRAS,IMPOSTO TERRITORIAL RURAL,IMPOSTO PROVIS.S/ MOVIMENT. FINANC. - IPMF,CPMF,COFINS,COFINS - FINANCEIRAS,COFINS - DEMAIS,CONTRIBUIÇÃO PARA O PIS/PASEP,CONTRIBUIÇÃO PARA O PIS/PASEP - FINANCEIRAS,CONTRIBUIÇÃO PARA O PIS/PASEP - DEMAIS,CSLL,CSLL - FINANCEIRAS,CSLL - DEMAIS,CIDE-COMBUSTÍVEIS (parc. não dedutível),CIDE-COMBUSTÍVEIS,CONTRIBUIÇÃO PLANO SEG. SOC. SERVIDORES,CPSSS - Contrib. p/ o Plano de Segurid. Social Serv. Público,CONTRIBUICÕES PARA FUNDAF,REFIS,PAES,"RETENÇÃO NA FONTE - LEI 10.833, Art. 30",PAGAMENTO UNIFICADO,OUTRAS RECEITAS ADMINISTRADAS,DEMAIS RECEITAS,RECEITA PREVIDENCIÁRIA,RECEITA PREVIDENCIÁRIA - PRÓPRIA,RECEITA PREVIDENCIÁRIA - DEMAIS,ADMINISTRADAS POR OUTROS ÓRGÃOS
2000,Janeiro,SC,10437923.0,0.0,6511482,5851028,23,5583498,20069652,2565756,365238,33677024,26629264,14441777,761978,2748866,862524,1010070,0.0,7064450,88190893,,,19643361,,,15084755,,,,,14064783,,729076,,,,,296371,,,,,
2000,Fevereiro,SC,14857636.0,4625.0,5271404,5305143,0,8433527,24542123,3424487,165401,19525803,21882186,3260130,924559,3687151,1530751,61873,0.0,6783384,78733552,,,17944982,,,10432983,,,,,5186262,,598704,,,,,362252,,,,,
2000,Março,SC,14547721.0,8100.0,5101687,4353315,0,9390699,21439706,2864244,249048,21798700,24594534,3085095,1467453,3190181,1937593,109960,0.0,9354747,77892352,,,18042158,,,11724788,,,,,7547975,,604458,,,,,368499,,,,,
2000,Abril,SC,13415570.0,4597.0,5276938,4315434,0,8152983,25346482,20562969,163481,36953344,21027265,3324164,845836,2943415,1539581,88335,0.0,9020875,86661696,,,20224818,,,21089501,,,,,6979715,,639629,,,,,1024909,,,,,
2000,Maio,SC,13308720.0,10057.0,4396114,3412824,0,6582295,20440816,9154237,82211,17455256,24444196,3328518,796113,2967118,1735584,50986,0.0,8636787,88248076,,,19968910,,,11439681,,,,,7297216,,612080,,,,,347893,,,,,
2000,Junho,SC,16010501.0,74.0,4917286,3431342,123815,11268557,20203722,7147132,101123,17921700,23236222,4697872,2615570,2600496,1844334,222994,0.0,6723770,88816489,,,20366428,,,16171008,,,,,7327186,,616167,,,,,398679,,,,,
2000,Julho,SC,15133075.0,13771.0,4713348,2632327,0,9379612,18057298,7807435,97607,33912936,19095055,5287442,815509,2653819,3451737,74189,0.0,6206706,86602753,,,19785540,,,22497295,,,,,7359690,,616789,,,,,435712,,,,,
2000,Agosto,SC,16511953.0,13412.0,10198333,2795764,0,12481504,21316741,7305625,121261,19937168,19234744,7309539,1010321,3039728,2195879,122730,0.0,7356157,91771881,,,20604991,,,13864613,,,,,6731699,,335667,,,,,601771,,,,,
2000,Setembro,SC,16808081.0,7722.0,11914272,4425205,852,11810560,22135277,6232228,58568,24786430,17829410,4195012,1242319,3038948,1383160,2916435,0.0,5754193,88494051,,,22308250,,,14857706,,,,,7720982,,186219,,,,,484775,,,,,
2000,Outubro,SC,17323233.0,7103.0,11384424,3921775,836,11342912,24109443,3133749,468450,37883042,18023343,4596102,1182032,2980154,1391180,483784,0.0,8154694,92533337,,,22117484,,,27652472,,,,,7461336,,382884,,,,,499524,,,,,
2000,Novembro,SC,19309605.0,15758.0,11289635,4390004,0,12462688,24104291,2751444,846684,26899984,18203017,4368608,1367659,2860434,1615087,289295,0.0,10614644,93117948,,,23025933,,,18466394,,,,,4824875,,176467,,,,,533496,,,,,
2000,Dezembro,SC,12857235.0,0.0,12049328,6999219,0,6600556,27345233,3254322,414810,23691716,38395757,6753960,2283523,3460406,1470596,592310,0.0,6829194,107085494,,,23568275,,,16271538,,,,,16552980,,166566,,,,,556531,,,,,
2001,Janeiro,SC,12511359.0,56015.0,"13,140,106","6,100,588","510,697","6,474,176","19,682,918","4,532,829","164,509","42,948,824","20,452,548","13,859,456","871,869","3,551,649","1,268,190","133,304",0.0,"6,961,731","112,768,952",,,"27,587,329",,,"27,990,653",,,,,"8,249,980",,"110,531",,,,,"959,064",,,,,
2001,Fevereiro,SC,11339182.0,28835.0,"13,147,252","5,442,679",0,"5,401,803","24,112,843","5,221,072","1,147,080","19,161,492","20,838,638","4,507,975","1,136,962","2,703,383","1,158,669","82,285",0.0,"4,570,075","90,169,903",,,"21,820,080",,,"14,300,459",,,,,"7,033,601",,"163,421",,,,,"537,09",,,,,
2001,Março,SC,14429331.0,10222.0,"10,899,390","4,464,582",0,"7,165,668","21,493,100","2,804,000","2,865,990","21,035,462","22,542,036","3,673,830","1,750,781","3,373,710","1,369,280","93,31",0.0,"6,811,404","89,045,982",,,"21,335,701",,,"13,549,060",,,,,"6,422,889",,"111,288",,,,,"656,986",,,,,
2001,Abril,SC,12483931.0,10404.0,"12,897,056","4,066,042",0,"7,067,857","24,666,371","25,203,471","708,429","35,571,503","20,842,344","4,228,867","1,828,606","2,921,958","1,359,992","141,867",0.0,"6,938,687","103,062,836",,,"24,816,511",,,"27,962,585",,,,,"7,505,809",,"181,147",,,,,"552,874",,,,,
2001,Maio,SC,14014274.0,23129.0,"11,100,149","3,654,905",0,"8,173,094","23,193,778","11,504,396","643,46","25,639,487","23,855,919","5,043,245","1,240,224","3,496,929","1,713,639","314,517",0.0,"8,479,266","96,169,677",,,"24,645,222",,,"20,674,490",,,,,"6,231,127",,"298,714",,,,,"696,393",,,,,
2001,Junho,SC,13927108.0,23964.0,"12,745,289","3,273,570",0,"8,311,357","26,709,741","9,195,357","168,664","30,633,847","21,289,332","4,337,158","1,163,327","2,678,346","1,360,653","137,224",0.0,"7,039,390","104,755,352",,,"23,184,044",,,"22,076,159",,,,,"7,975,085",,"223,543",,,,,"509,876",,,,,
2001,Julho,SC,13359321.0,8058.0,"11,840,396","2,800,225",0,"7,718,110","22,167,089","9,149,993","944,426","42,873,339","29,035,407","10,259,052","929,325","3,490,381","1,430,987","147,329",0.0,"7,187,861","124,788,103",,,"22,975,069",,,"29,199,770",,,,,"8,006,930",,"210,807",,,,,"811,743",,,,,
2001,Agosto,SC,16893457.0,53795.0,"11,771,834","2,628,821",0,"9,616,904","24,521,525","8,443,564","824,803","35,907,344","24,375,452","11,230,037","2,118,282","3,510,708","1,585,021","231,164",0.0,"8,134,575","91,640,595",,,"21,692,766",,,"21,348,428",,,,,"7,469,835",,"311,154",,,,,"624,68",,,,,
2001,Setembro,SC,10589668.0,42.19,"13,038,689","3,126,888",0,"6,429,118","23,546,252","7,444,509","1,174,005","36,521,114","20,684,769","5,443,932","1,425,893","3,608,451","1,350,539","3,102,070",0.0,"6,700,192","102,970,107",,,"20,578,342",,,"21,534,097",,,,,"4,769,502",,"198,467",,,,,"522,637",,,,,
2001,Outubro,SC,14814296.0,31225.0,"12,377,448","3,080,382",0,"8,069,229","22,391,227","3,793,090","702,937","55,282,832","28,195,128","4,849,963","1,771,909","3,660,297","1,829,333","477,691",0.0,"8,242,059","100,194,287",,,"20,953,161",,,"34,745,703",,,,,"9,458,909",,"246,673",,,,,"835,174",,,,,
2001,Novembro,SC,12904981.0,51372.0,"12,185,402","3,821,817",0,"7,423,068","23,203,697","6,395,076","150,822","33,759,110","24,761,113","4,092,284","3,264,330","3,543,973","1,574,009","341,751",0.0,"6,670,267","109,149,054",,,"23,240,203",,,"25,014,508",,,,,"11,220,954",,"205,592",,,,,"678,655",,,,,
2001,Dezembro,SC,9808031.0,46353.0,"13,692,812","6,282,085",0,"6,158,105","25,446,606","3,342,783","592,547","36,936,691","47,387,027","6,505,427","2,574,770","3,799,857","1,592,870","285,432",0.0,"7,705,846","110,826,613",,,"22,950,605",,,"23,396,696",,,,,"13,684,576",,"205,02",,,,,"525,04",,,,,
2002,Janeiro,SC,12150239.0,12122.0,"12,204,190","6,368,851",0,"7,160,772","15,865,697","4,174,908","163,441","65,356,169","26,969,515","52,484,614","2,071,741","4,200,108","1,265,838","136,062",,"8,704,119","119,289,709",,,"24,254,319",,,"33,168,999",,,,,"10,172,295",,"40,401",,,,,"968,063",,,,,
2002,Fevereiro,SC,10226175.0,7935.0,"13,083,559","4,274,870",0,"5,317,786","22,830,863","5,114,356","139,09","55,354,226","20,680,914","4,537,766","1,494,510","2,970,575","1,275,201","226,535",,"6,824,822","97,781,649",,,"20,632,395",,,"22,089,688",,,,,"7,721,645",,"141,125",,,,,"1,142,095",,,,,
2002,Março,SC,11299811.0,8905.0,"11,461,081","3,142,688",0,"6,070,425","23,077,271","3,010,606","2,673,712","48,648,703","23,383,823","3,515,759","1,263,653","3,270,117","1,848,718","159,775",,"7,803,586","105,390,295",,,"21,860,642",,,"19,885,319",,,,,"7,854,268",,"47,152",,,,,"607,105",,,,,
2002,Abril,SC,12421690.0,20703.0,"11,867,044","4,318,538",0,"9,860,511","25,732,916","29,764,192","1,089,962","69,159,979","30,030,173","4,259,339","1,668,790","4,211,229","1,839,415","135,991",,"7,629,743","136,689,000",,,"25,076,417",,,"34,835,114",,,,,"8,860,749",,"148,801",,,,,"732,544",,,,,
2002,Maio,SC,11529380.0,20475.0,"11,134,557","3,851,129","1,474","9,293,574","24,801,014","14,508,184","320,868","35,898,947","28,448,238","4,756,495","1,924,362","4,155,992","2,062,580","154,912",,"8,981,200","107,449,354",,,"22,988,392",,,"21,130,308",,,,,"7,646,337",,"166,79",,,,,"1,009,651",,,,,
2002,Junho,SC,12826367.0,10948.0,"11,631,038","3,027,198",0,"11,739,502","25,919,577","9,790,038","492,355","34,150,008","23,435,371","4,267,026","1,318,704","3,750,005","1,554,807","140,144",,"7,359,352","108,627,549",,,"22,559,787",,,"15,945,421",,,,,"11,074,139",,"79,467",,,,,"926,229",,,,,
2002,Julho,SC,18564105.0,4667.0,"10,610,904","5,082,344",0,"18,405,416","23,295,214","10,177,698","1,122,653","54,510,859","27,708,939","7,268,605","1,513,252","4,671,127","1,700,777","181,555",,"8,987,256","100,884,053",,,"29,247,030",,,"34,666,406",,,,,"7,964,567",,"114,73",,,,,"896,026",,,,,
2002,Agosto,SC,15011191.0,61697.0,"11,402,815","2,842,697","88,3","15,320,033","23,054,445","9,199,002","356,146","32,198,083","23,721,401","7,993,684","1,710,276","4,281,550","1,462,896","213,277",,"7,826,039","117,198,995",,,"28,641,800",,,"21,380,673",,,,,"8,435,488",,"119,87",,,,,"1,012,196",,,,,
2002,Setembro,SC,14757673.0,72327.0,"12,334,109","3,379,611","19,2","11,089,611","25,798,311","9,572,310","349,47","34,192,602","25,353,099","5,254,414","3,394,523","4,159,498","1,509,183","3,187,157",,"8,150,618","167,559,138",,,"37,403,141",,,"22,656,943",,,,,"9,354,525",,"117,239",,,,,"1,155,472",,,,,
2002,Outubro,SC,15123894.0,190332.0,"11,497,612","3,716,083",0,"15,621,305","22,952,296","4,202,880","1,511,720","80,080,250","30,690,604","6,750,153","4,373,704","7,608,936","1,957,216",574,,"10,982,478","137,584,495",,,"33,602,842",,,"49,194,392",,,,,14,,"197,49",,,,,"1,793,535",,,,,
2002,Novembro,SC,16398600.0,223.31,"12,700,240","3,419,579","2,04","11,775,543","28,654,923","5,950,952","505,186","50,208,645","28,232,117","5,813,075","2,199,842","6,007,910","1,646,289","491,866",,"8,823,411","146,785,866",,,"33,926,816",,,"31,850,727",,,,,0,,"334,457",,,,,"1,203,530",,,,,
2002,Dezembro,SC,15307045.0,118885.0,"15,623,836","6,019,617",0,"8,723,997","31,867,867","4,432,223","491,036","54,645,888","58,404,496","8,509,089","3,006,427","5,522,075","1,635,860","327,741",,"10,031,763","126,066,476",,,"30,944,665",,,"26,215,676",,,,,"15,507,696",,"1,238,037",,,,,"1,805,230",,,,,
2003,Janeiro,SC,14619262.0,44742.0,11994329,6699798,0,9444909,21710571,5084150,2195712,75080916,36540234,37994930,2676913,5043133,1593496,150330,,10642501,190852608,,,48386895,,,45380604,,,,,11361721,,148344,,,,,1581303,,,,,
2003,Fevereiro,SC,16398220.0,131230.0,12900533,6267398,0,10373979,27532748,3470839,508765,29518149,30863138,7584708,1820786,4686981,1270299,142280,,9491524,143680787,,,38031023,,,20378089,,,,,7421557,,111863,,,,,888077,,,,,
2003,Março,SC,14829105.0,88471.0,11091989,5255250,0,8788836,24180540,3842562,3981737,38482303,40411029,6122782,1853530,4233206,1524003,73210,,9616117,121704911,,,31345976,,,25996104,,,,,9763837,,112591,,,,,968765,,,,,
2003,Abril,SC,13901121.0,54203.0,12906889,4440253,0,8700532,29170059,35214209,1654075,73268154,46238382,10914325,1368492,4405723,1769137,200232,,11663374,120597487,,,31392760,,,44554233,,,,,7508856,,107701,,,,,1048193,,,,,
2003,Maio,SC,13527687.0,42092.0,12507106,5776897,0,9266204,28119408,14396826,409642,97095055,35591691,6711967,1527046,4420394,1559285,152479,,10499715,133412609,,,33982133,,,55048440,,,,,9655029,,117432,,,,,1005528,,,,,
2003,Junho,SC,11194283.0,32648.0,12768878,4960425,0,10608206,31865404,12235615,523909,27805550,32013797,11742915,2146800,4984271,1326308,136318,,9357106,137426302,,,28779710,,,20520208,,,,,9155895,,92233,,,,,1163886,,,,,
2003,Julho,SC,12659586.0,17701.0,11669741,3715438,0,7807877,28698200,12229483,1284007,72378896,37743657,30308663,1117255,5490676,1711419,202955,,11441908,126885165,,,30135036,,,46696897,,,,,10979399,,88597,,,,,1998145,,,,,
2003,Agosto,SC,16012175.0,48386.0,15040130,4356171,0,9441824,31152147,10426790,497306,71179541,35164426,26180775,2572192,4926172,1487291,286573,,9139890,137126946,,,35782679,,,36504271,,,,,8929345,,99017,,,,,997723,,,,,
2003,Setembro,SC,15585900.0,77320.0,11487771,4020518,0,11239793,30080061,11089261,752458,47671415,33673004,7610062,1229541,4554527,1413896,3547362,,9443014,145431004,,,33455018,,,27526615,,,,,7881179,,119561,,,,,1869223,,,,,
2003,Outubro,SC,17863681.0,156510.0,12262895,4506394,0,11901747,33228961,5061719,1625489,76570813,35995300,12680760,5038522,6144549,1800183,517429,,11280035,137967081,,,32856205,,,50153756,,,,,6636063,,320407,,,,,1633834,,,,,
2003,Novembro,SC,14096598.0,76717.0,14816243,4300940,0,9283486,30615594,6756452,893262,49479151,39448361,6414246,1655125,4815138,1449247,356914,,6245296,144241943,,,39628626,,,31334026,,,,,19424224,,164393,,,,,2771747,,,,,
2003,Dezembro,SC,15146435.0,77165.0,14835225,7196082,0,11336143,35680258,4823425,302911,43696440,69528890,20575942,4408456,6259583,972112,654319,,3263843,151619982,,,39552354,,,26242436,,,,,12389806,,86540,,,,,1744535,,,,,
2004,Janeiro,SC,16663796.0,38827.0,13559184,6668983,0,10413698,22678204,4898608,2000890,98246899,40680012,26099231,2149030,5719623,958328,121132,,6217084,,1439317,140400901,,294345,39290065,,218505,61448530,0,,,,119764,4004231.0,11917187.0,,,3051582,11985319,,,,
2004,Fevereiro,SC,13766553.0,7167.0,20894658,5582041,0,8169009,33070487,4222858,1440465,37734738,36535079,5904241,1182574,10729428,1459879,139260,,9356647,,1772934,138758293,,301825,38617304,,429267,27786033,0,,,,166705,3200792.0,10763377.0,,,1455145,12195410,,,,
2004,Março,SC,15718410.0,37779.0,9983331,4539191,0,16335798,30920390,8391759,7247154,47174352,54061010,6588126,1259071,5307803,1906915,118116,,12322438,,1551757,133292434,,260002,26686623,,2946711,27435331,0,,,,171921,3136647.0,10414778.0,9104997.0,,1351331,9444082,,,,
2004,Abril,SC,19986314.0,165720.0,14966995,5469216,0,10707397,37391635,46154928,1847408,105429583,41155833,7401548,1601020,4731622,1371319,121861,,9081220,,1828159,137173522,,301555,35091922,,424642,62167017,1203,,,,166078,4404631.0,10782255.0,7429321.0,,1174400,10719717,,,,
2004,Maio,SC,15539534.0,60613.0,15521021,3901704,0,11033669,34691153,19170031,526603,43877112,40571738,7673614,1575587,4156355,1531464,149001,,12742396,,1678631,147355092,,279503,36146515,,157679,42591209,0,,,,137737,3115352.0,12121678.0,7987229.0,,1334742,12627316,,,,
2004,Junho,SC,16863587.0,17798.0,13189729,4487789,0,9688907,33303848,14834706,601287,35617415,41510414,6983485,1581538,4971154,1863467,108732,,12490897,,1846046,191272477,,310844,41315957,,160338,25866802,0,,,,491525,3106080.0,10753123.0,8680887.0,,1557425,10405752,,,,
2004,Julho,SC,19569396.0,1167.0,14412820,5621076,1369,10512954,38777516,13370766,1728083,85087094,39545911,9335881,2680196,5174213,1605919,161018,,10793155,,1848381,157502699,,310087,33921204,,182363,68019972,0,,,,300393,3509750.0,10583647.0,8054550.0,,1696745,16585386,,,,
2004,Agosto,SC,21387025.0,-3356.0,15023829,4572466,0,12629104,39634455,13038876,800012,44812572,42634823,7624095,468996,4327839,1715504,357500,,10492685,,1775031,190333045,,305287,43064684,,165302,33378594,0,,,,207958,3767861.0,11975343.0,5756728.0,,2252085,16361094,,,,
2004,Setembro,SC,21547960.0,469364.0,13948775,5874556,0,13057738,44338731,11694052,618269,50734228,41775678,9821805,1405178,5217038,1771098,3970765,,12437200,,1971476,203835484,,323643,43121795,,4245309,39724805,0,,,,568681,3459552.0,11700721.0,6516784.0,,2820899,15552367,,,,
2004,Outubro,SC,20435674.0,-6.0,15364034,5030461,-223003,12655854,32465018,6264850,2242699,119247294,43585348,23536489,3206188,4753203,1568485,502643,,11185940,,2802508,176846742,,462643,41351213,,337885,78841921,0,,,,212960,3264461.0,11938290.0,6767450.0,,2230288,19763874,,,,
2004,Novembro,SC,21893769.0,-51.0,13410384,5322531,0,12376236,47903378,6988562,341718,68360725,42929890,5743970,1600572,4671704,1743343,355599,,10788479,,1827676,173455348,,304184,40479934,,206279,46197456,0,,,,245329,3270638.0,11742075.0,5784877.0,,2172369,22744023,,,,
2004,Dezembro,SC,23471220.0,-10.0,14818887,7093549,0,13488462,43157768,7873707,469865,63503267,58728149,17191378,1923729,3603257,1887283,431214,,14813228,,1892015,219043341,,359182,47011123,,107069,44735009,0,,,,1440976,3484174.0,11644291.0,7773650.0,,2311549,22270531,,,,
2005,Janeiro,SC,20872615.0,4088.0,15451271,8871372,0,12256308,54857467,6397858,2098849,145917415,38749901,19166301,1941578,5303806,1187478,706924,,10844414,,2109484,219615428,,350117,49781037,,277289,85642995,,665287,,,210256,,,,11242547.0,1807185,5394674,,,,
2005,Fevereiro,SC,17630350.0,4257.0,14834912,6617935,0,10370704,45693127,4521285,733186,54221317,36849474,5079105,1556111,4694797,1540298,139841,,11647624,,1894565,191587048,,319294,42890918,,211847,36711134,,0,,,215657,,,,13092888.0,1461349,2883662,,,,
2005,Março,SC,24618985.0,3804.0,14638338,6273925,0,13577041,47060449,7559308,954325,85009575,52278631,7290240,1843016,6101786,2071810,258270,,13809075,,1783549,242605378,,301761,52431685,,318694,37846432,,0,,,226630,,,,13282864.0,1397939,3055587,,,,
2005,Abril,SC,22404360.0,51206.0,17041111,7097350,0,14654505,55597272,61154132,906825,133390986,47247705,13261076,1896769,5536418,1831203,155930,,11704761,,2106494,227699324,,352038,52811750,,342381,83239830,,0,,,3118257,,,,12744541.0,3572609,2459282,,,,
2005,Maio,SC,21842875.0,3579.0,15001329,5209449,0,12773411,57353410,23626633,729849,64653190,43936942,7489686,1827014,5763659,1831062,241683,,12457455,,1918904,229385343,,320154,50730780,,242420,45401027,,0,,,236502,,,,12973205.0,1544047,7205395,,,,
2005,Junho,SC,23228462.0,3085.0,11013881,5906569,0,15357248,56114557,19289996,880907,44396811,48463844,38150980,2052541,5776238,2149951,123340,,14489620,,2066622,210630454,,342751,50879490,,262117,32894936,,0,,,378561,,,,13203259.0,2957169,3643049,,,,
2005,Julho,SC,25623450.0,7028.0,13703569,5634991,0,15132557,60980921,17156750,950303,139520082,45403512,8114541,2992872,5733534,1624382,218365,,12515805,,1050386,226892124,,179134,59561189,,353918,92549077,,0,,,2156578,,,,12804695.0,2450528,4153148,,,,
2005,Agosto,SC,28122693.0,2356.0,9760280,6764488,0,15145292,51588563,16241863,906575,77070659,52898384,6474883,1630289,6189438,2085160,297711,,14799870,,1035570,215050915,,174492,42869831,,299777,46249725,,0,,,238639,,,,13724462.0,6076757,"2918598,252",,"368396761,9","32045477,39",
2005,Setembro,SC,30860336.0,3690.0,15974263,5507996,10,18181258,53831104,17036766,1194577,53158886,43032160,6504828,1432553,5539531,1861137,4611140,,11768116,,1377930,270115472,,383471,62044213,,369321,39029928,,0,,,236180,,,,12928158.0,5551589,"3812562,817",,379110427,"27587548,76",
2005,Outubro,SC,28349204.0,3086.0,14927281,5613612,0,15697189,48079117,8284269,865314,149842232,47979414,7495875,1824685,4918359,1876901,550958,,11932261,,2132972,259851412,,357817,60140000,,299710,91458631,,0,,,222873,,,,13208567.0,1958339,"3430064,599",,"369758823,4","27009332,21",
2005,Novembro,SC,32932271.0,6321.0,15337773,6576763,0,19962475,59098804,6247709,888318,74823001,63837943,33546193,2793334,7184896,2396334,459937,,14444963,,2118948,268184966,,350809,61539926,,149232,41246044,,0,,,223947,,,,13681684.0,2283953,3563288,,,,
2005,Dezembro,SC,35095967.0,2381.0,17265195,9619471,0,19894542,66183280,9640721,3456489,63200916,81781568,22894754,2924981,7240890,2221637,438656,,14436104,,3221837,249001381,,540350,58861198,,965052,43237681,,0,,,453796,,,,15439475.0,2845605,3828914,,,,
2006,Janeiro,SC,39407239.0,6863.0,19560073,9561271,0,21273606,58289384,8493178,1082174,164476516,34894818,27123676,1839401,3667945,1731457,247514,,12364944,,2398460,250808103,,406695,70419987,,392548,95770779,,0,,,311466,,,,13034359.0,3418804,2690153,,,,
2006,Fevereiro,SC,32956150.0,3292.0,15869270,8163109,0,17656218,47699347,7159773,565305,82417985,38518762,6000384,1238602,4941266,2252642,132198,,12507734,,2289238,224915490,,382697,56190931,,158663,43166323,,0,,,317582,,,,12088091.0,2615068,4429017,,,,
2006,Março,SC,36101981.0,3380.0,14639731,6916572,0,21145558,43141353,10013230,9197600,94641959,44989627,5642078,1431566,5110638,2356132,136864,,14916962,,2107152,219360664,,353891,54017547,,2925598,50493358,,0,,,322986,,,,,2108499,3942822,,,,
2006,Abril,SC,31784036.0,3405.0,17134888,7325675,11827,18075714,41602002,74772189,1007726,120962977,61492017,12792041,3837770,7947496,2141627,145854,,14518613,,2469725,256681783,,417562,66015491,,337507,78459902,,0,,,339982,,,,,1794685,1500304,,,,
2006,Maio,SC,41513216.0,3364.0,14141913,6425115,0,23242620,53144744,28667445,653390,53596402,51817218,6109977,3398877,6852477,1359440,161247,,13110556,,2084247,263479473,,355429,63092415,,264809,35121380,,0,,,304201,,,,,2512650,3365380,,,,
2006,Junho,SC,38033931.0,4773.0,12767557,6099331,0,20709866,56030313,22502812,1142518,58424162,54205770,23091386,2540399,7332437,1685360,136572,,14617373,,1279636,252817282,,227319,60743156,,347285,37228201,,0,,,302977,,,,,2862688,3213482,,,,
2006,Julho,SC,35494923.0,3190.0,12135830,4611688,0,20533195,48439408,41458323,939308,125210253,50491914,8396106,2221249,7052090,1989413,125309,,19130763,,1074300,225847758,,368238,55514275,,344288,84905173,,0,,,310460,,,,,2496297,4455378,,,,
2006,Agosto,SC,46000238.0,3445.0,12653962,6120100,0,25931953,47832358,20053121,1043917,63164929,52218597,6797805,3035747,7203834,1933892,378289,,13933022,,2794657,270574199,,470203,68250337,,331106,44986181,,16,,,353660,,,,,2578031,4306848,,,,
2006,Setembro,SC,45642773.0,3879.0,13287569,5834815,0,27179568,52626984,17947261,789515,72478965,57853674,64787761,5956706,12898164,1850273,5022009,,15235163,,2567988,298203639,,434580,73040673,,271975,44774264,,10,,,347439,,,,,6785230,7463346,,,,
2006,Outubro,SC,48526119.0,2572.0,15459158,6682511,0,27147011,51221631,12115000,675868,136370385,51800503,15119888,2774931,7132522,1718287,666408,,14528717,,2492495,253700535,,425307,65631172,,265182,92052382,,0,,,355383,,,,,8114180,5126894,,,,
2006,Novembro,SC,49250795.0,3604.0,17108687,7188210,185,27281823,56549387,9359722,711967,62507615,55994016,6751921,2899591,7705557,1660361,550205,,14716550,,2216741,261720998,,449273,67357975,,231576,40277405,,0,,,723576,,,,,6615501,5272952,,,,
2006,Dezembro,SC,42024837.0,3666.0,16793713,9333201,0,22781954,63800131,10651979,729033,59287588,110951724,24795342,8592108,11477594,2347303,345685,,21002781,,3443726,268728607,,583373,67239588,,1321214,38207770,,0,,,418214,,,,,7532760,4602736,,,,
2007,Janeiro,SC,53086611.0,3579.0,17558471,11558323,0,28324506,49124483,7989276,1357010,168890129,36569259,45868691,4694878,5003569,1924867,133566,,13756955,,2314623,248320001,,442561,65855074,,231341,99076631,,-87,,,396115,,,,,8361038,3829685,,,,
2007,Fevereiro,SC,48302315.0,20130.0,17211120,8442281,0,28283912,46994131,8269668,1771794,95392773,46034006,7771557,2907884,6945416,1672329,116836,,16192692,,2027634,240940311,,411193,61539429,,564589,52038954,,0,,,365221,,,,,9261078,3686054,,,,
2007,Março,SC,58867761.0,3331.0,14486788,6463624,0,35702570,50484716,10730950,3847313,73531278,48832042,6768470,4421386,6667070,1637427,183400,,15523431,,2130669,235277671,,427324,61451377,,1103277,40660423,,0,,,388219,,,,,9509457,5866764,,,,
2007,Abril,SC,51006895.0,47886.0,18499890,8153395,0,28378851,58683787,81379797,2303147,170010842,64816266,11758823,2762275,7638171,2390925,141582,,16376856,,3775967,271330455,,617000,69620805,,680198,103136335,,0,,,391941,,,,,7201066,6565569,,,,
2007,Maio,SC,50893566.0,38415.0,13057065,6707584,0,30695608,64076427,31397142,771266,95645775,55255392,6615675,3033736,6943865,1795080,195670,,14797804,,2023609,285609917,,354091,72690915,,224191,58831434,,0,,,375593,,,,,6758933,5677050,,,,
2007,Junho,SC,50886228.0,3339.0,17096389,6521473,0,31886592,64285989,26039981,780014,100854074,52150442,18691204,2846111,7419830,1914050,152819,,16228823,,2285623,287443804,,383389,72269904,,208869,56786602,,0,,,361483,,,,,6757465,9969792,,,,
2007,Julho,SC,54212165.0,3650.0,12293076,6686853,0,29150079,62076521,25996276,730125,160051231,57611518,19600768,4069402,8518557,1960482,147208,,16211859,,2273902,280295356,,381659,71062661,,318979,97058841,,0,,,470243,,,,,13123422,6314640,,,,
2007,Agosto,SC,66981021.0,6028.0,18756593,6277937,6311,33503731,59538916,24696354,914479,105437487,56030784,6776353,3252819,10880740,2077485,510696,,15288227,,2542818,301745269,,420715,75563144,,316364,58382867,,0,,,376774,,,,,8025658,8966415,,,,
2007,Setembro,SC,63103497.0,6777.0,22211946,9523253,1977,35492919,69634071,22667524,2027133,120057505,58540397,11503231,2577671,7812165,2310805,5252013,,16500010,,2616356,314666655,,442047,79619149,,562533,61814294,,0,,,384466,,,,,11210554,6556923,,,,
2007,Outubro,SC,80129036.0,15593.0,20515270,7986667,2522,39708330,69690740,26988711,792046,194474381,56173935,9408932,2836422,10715285,2325686,1442575,,15474678,,2445954,325685731,,409923,83268560,,351654,113304121,,0,,,5546720,,,,,16215236,6195150,,,,
2007,Novembro,SC,80960764.0,4775.0,23032838,8501121,214,39599892,88480784,22017224,968796,116386384,64611944,11443823,3424022,7801504,2427226,507135,,16492140,,2509577,341408644,,418504,88506774,,290538,64687054,,0,,,427603,,,,,10490702,6176134,,,,
2007,Dezembro,SC,72212942.0,6506.0,24105143,12258157,0,35080466,76800391,16670831,775147,109610052,86324422,18919745,11257894,9810896,2342400,514310,,18901959,,2802901,343000984,,395839,86334151,,270480,61333416,,0,,,406263,,,,,13819624,6896748,,,,
2008,Janeiro,SC,97912289.51,5610.02,"10812284,82","10067221,67",0,"52473869,97","65164931,73","14963509,44","6361743,61","432678256,5","75443110,92","48069333,13","13135909,4","7802942,99","3200737,33","256384,83",,"4986331,28",,"2454386,44","365659767,6",,"411828,93","92012002,75",,"2779593,32","200878782,4",,"10,77",,,"482186,89",,,,,"9010259,32","5310780,97",,,,
2008,Fevereiro,SC,77639925.89,6900.59,"11271919,86","9115383,41",0,"38604984,2","66924728,77","20816601,32","923174,66","110745641,3","53904131,7","6244100,24","2008715,59","7314751,45","6351872,15","195123,15",,"40646,22",,"1630058,4","337252623,2",,"165986,71","84699000,59",,"207692,14","57777665,97",,"-21734,87",,,"470087,35",,,,,"8510959,04","4810555,25",,,,
2008,Março,SC,83177800.05,7682.54,"11315847,05","9202731,75",0,"40618317,91","69785074,51","15873923,21","4876286,52","136746757,2","59517981,55","6460070,71","3847193,04","7625509,96","6166950,6","280292,49",,"788879,1",,"2249506,64","352069117,6",,"320505,25","90308119,05",,"1398026,94","66182290,96",,0,,,"512521,12",,,,,"4926741,18","6130216,92",,,,
2008,Abril,SC,78524941.35,23976.07,"10385134,38","7966359,17",0,"35253718,81","70250890,52","107750376,6","563524,66","187972270,6","74933915,51","10731929,87","32203212,66","9283925,18","6225706,27","193039,99",,"65653,09",,"2396867,47","369906117,6",,"404858,51","93785035,37",,"312923,66","106502865,7",,"292,73",,,"667679,79",,,,,"5672006,07","7452831,89",,,,
2008,Maio,SC,78730244.53,41171.86,"10697067,34","7965846,76",0,"39210778,74","82544633,55","43630361,94","703308,08","112269791,2","65600826,65","7323978,25","3241386,37","7503654,35",6382931,"278408,12",,"43114,77",,"2355323,18","367096495,2",,"392966,35","91998324,84",,"242409,02","73184846,52",,0,,,"829662,08",,,,,"10432431,98","7131643,46",,,,
2008,Junho,SC,89709949.76,11660.48,"10905190,73","7697620,04",0,"43484386,59","82055347,12","34239795,32","795976,88","109396683,8","69085128,29","15904578,04","4525039,07","7794399,94","6113592,89","156093,45",,"74411,91",,"2351923,97","362663164,8",,"393435,74","89184275,45",,"431756,98",63407406,,0,,,"647104,7",,,,,"10950393,98","10855622,04",,,,
2008,Julho,SC,90199824.89,14069.77,"9636325,83","6567721,34",0,"47234538,61","82690573,66","30543397,63","3280560,65","189994773,6","65703056,78","12342282,59","9975787,36","8522117,13","6257550,83","153658,52",,"44850,24",,"2713338,65","360097222,9",,"454376,93","90743645,03",,"1444183,59","117940554,3",,"126,83",,,"746176,22",,,,,"10025406,19","7843148,65",,,,
2008,Agosto,SC,100906185.6,159996.18,"13707802,57","8279379,14",0,"50441200,26","96489045,45","26762720,66","806568,12","136123071,7","65915305,02","8293439,88","2614298,74","8988497,83","7628187,19","346987,89",,"25011,29",,"2285843,53","408979686,3",,"382942,17","100634424,4",,"434799,19","56181196,66",,"219,23",,,"531100,25",,,,,"15392865,37","6790331,89",,,,
2008,Setembro,SC,118375037.8,101064.0,"9284414,62","6368923,39","-1977,37","59159875,01","89999290,86","30578617,41","3865774,17","106770214,5","69006043,19","7699636,33","4225097,14","8452103,07","6611876,29","5061865,4",,"43609,3",,"2442336,3",413248901,,"418700,44","101148444,4",,"909125,48","61550186,81",,"358,34",,,"659158,62",,,,,"3444755,12","8292363,2",,,,
2008,Outubro,SC,139718157.3,87976.54,"10800223,08","4703950,67","24668,58","80572918,94","88459932,77","40797537,79","432883,44","221274191,3","63887577,66","9252920,96","3386875,4","8455032,1","5856054,34","802567,62",,"20661,45",,"2266902,77","428847717,2",,"366314,04","105536192,7",,"405560,57","118011491,9",,"50,67",,,"970527,03",,,,,"10071168,29","7812757,35",,,,
2008,Novembro,SC,120710159.3,74892.97,"12161881,67","9779013,24","1483407,78","59936909,71","80999297,76","27323295,34","430060,48",103640122,"73051764,83","8131883,14","4343725,79","7961771,12","4959229,19","598485,93",,"47975,78",,"816164,5","383533738,4",,"142566,27","98586522,37",,"223584,67","61998214,97",,"50,64",,,"910001,59",,,,,"10685266,01","6701501,19",,,,
2008,Dezembro,SC,110519266.2,15465.87,"7769376,8","8895201,15","-1454896,09","54676694,41","55803528,67","14631223,23","454160,15","83311579,18","78917934,87","8107100,15","5513676,91","8414544,32","4328183,76","474452,05",,"35769,05",,"762308,36",349564673,,"139163,21","87986735,04",,"237670,52","51239219,17",,"63,37",,,"873151,89",,,,,"11468399,07","7926573,71",,,,
2009,Janeiro,SC,111611875.3,73541.74,"114107,23","16011037,23",0,"56971251,45","41632093,46","14031511,92","3603779,77","242894206,4","91587468,32","43099697,53","14803983,99","8409318,12","3498402,03","133311,42",,"34086,02",,"920039,95","330895685,4",,"162863,19","89941595,87",,"2616811,76","120166954,4",,"46,4",,,"852312,63",,,,,"10576958,87","5611690,49",,,,
2009,Fevereiro,SC,101331087.3,69777.95,"9425131,42","2753692,17","5810,79","53256220,77","43614567,98","9671074,22","2534370,43","92316528,73","49889954,61","6546335,3","2677644,76","5981495,61","4311557,2","132939,22",,"20214,97",,"822331,41","295248444,9",,"152572,24","77360012,4",,"1467625,21","54387080,64",,0,,,"1161776,47",,,,,"11469989,44","4858292,22",,,,
2009,Março,SC,114494811.8,132520.3,"10875831,48","7927208,52","34943,34","52411497,43","50024170,88","14042991,88","1078783,76","336451955,5","54327332,65","7206455,49","4719012,96","6624994,69","3998493,98","312817,32",,61261,,"765725,37","324134906,6",,"137373,34","85142470,17",,"356228,74","130196027,7",,"127,08",,,"1011769,62",,,,,"12716114,94","7769442,05",,,,
2009,Abril,SC,81098076.08,12951.64,"10433943,45","2992542,61","981,74","35279072,67","60517524,59","121862338,1","605098,39","201157200,1","64983365,49","7981066,91",3878854,"7350809,53","4648079,19","100461,67",,"35976,62",,"916005,24","322974626,4",,"169255,7","85552508,65",,"222497,26","115503210,3",,"31,78",,,"925411,91",,,,,"18146209,32","4373008,52",,,,
2009,Maio,SC,87724212.62,27262.0,"3658792,04","8049111,13",0,"40732542,59","59227799,33","38735747,21","640043,04","104939594,3","61561108,39","7344796,91","3881207,08","7269588,37","4641348,46","158060,93",,"26559,09",,"841243,21","307943373,8",,"155419,3","81674416,66",,"349008,28","57488128,12",,"224,87",,,"874012,43",,,,,"25470912,93","9086466,56",,,,
2009,Junho,SC,91776635.49,13844.04,"7136496,3","5572496,59",0,"43314215,72","61482126,02","33997336,7","815181,38","111500628,8","64152785,95","9273292,08","4705145,49","7224130,29","4882159,55",130624,,"26052,01",,"872028,95","339531899,8",,"156677,58","91497535,54",,"413673,21","59405441,92",,0,,,"789552,7",,,,,"18127124,43","12048996,97",,,,
2009,Julho,SC,91446465.55,7414.69,"10100204,04","5732601,93",0,"39415200,23","78575627,37","32598117,48","839888,03","239288511,5","63968817,89","19050006,25","3576959,73","8302419,47","4753712,93","149184,18",,"174723,54",,"886684,87","363560135,6",,156894,"87095403,08",,"531393,73","132081865,4",,"-321,39",,,"727847,97",,,,,"11832550,16","7762779,01",,,,
2009,Agosto,SC,100454687.2,31953.28,"12220037,81","7657669,07",0,"45939175,26","73665079,75","35067369,08","501374,62","127219125,6","64406191,47","8872387,34","4474204,14","7716083,54","5065770,26","284641,25",,"82815,02",,"932859,3",376846438,,"158950,45","88565093,85",,"242881,24","60278640,74",,"113,26",,,"737890,92",,,,,"18823399,99","8360699,26",,,,
2009,Setembro,SC,116381493.4,7089.93,"68142,72","7058702,19","403,15","55009833,75","75452321,15","45812771,22","233334,41","96909965,65","66027857,8","9053833,28","4145219,76","8879435,05","4711674,19","6064919,37",,"315440,46",,"588443,15","388323758,4",,"100341,99","92771878,15",,"78134,21","55615262,11",,"25218,74",,,"812833,78",,,,,"19864398,75","9503713,61",,,,
2009,Outubro,SC,126565390.8,8306.14,"76582,99","8480422,21","35295,56","57110638,76","85024566,57","32541337,2","184389,66","225522791,9","61020781,2","15446098,23","4956625,45",8371390,"4653863,42","772245,67",,"-462872,33",,"854514,39","387495620,8",,"143755,91","93425869,2",,"214501,02","128843845,7",,"2794,97",,,"4908188,67",,,,,"37452443,13","9640024,01",,,,
2009,Novembro,SC,128618853.8,7998.28,"148325,33","8054508,65",0,"61562906,39","102501076,7","35968013,45","1022414,55","168207808,7","71769691,74","10118827,07","4756763,68","7798731,45","6154311,58","579857,1",,"5863350,12",,"919921,76","436364284,7",,"145904,24","107229414,7",,"375902,4","87777491,1",,"-25205,34",,,"780455,59",,,,,"75390316,81","56766025,12",,,,
2009,Dezembro,SC,126650845.6,24428.67,"169141,61","10976519,57","6607,23","64948843,67","95865157,66","15704179,74","394265,07","115496071,1","74579225,68","12274708,33","9708204,75","8532419,16","4743123,28","376950,83",,"291682,54",,"804253,15","424792516,6",,"144151,54","100164422,6",,"148018,69","64111924,89",,0,,,"822513,74",,,,,"30931342,27","32491478,24",,,,
2010,Janeiro,SC,145110632.8,7354.15,"202919,03","12293644,5","53054,97","70996962,95","72705452,03","13272410,61","1313773,02",549124679,"96997487,77","61382468,95","8991129,77","9192203,54","4679668,83","131611,26",,"16581,84",,"906758,26",420966697,,"158745,13","101889636,3",,"691499,93","229682370,4",,0,,,"749616,24",,,,,"28452823,39","9600542,58",,,,
2010,Fevereiro,SC,143835920.2,9164.91,"185791,04","8799804,32","70332,04","69225431,5","77229623,02","12826318,5","674303,15","115583573,9","61458705,8","7279091,28","3176130,31","7979046,35","4581338,09","96448,01",,"10988,84",,"861478,9","404280664,5",,"151079,53","95839644,34",,"267188,05","64999962,71",,"173,43",,,"765642,94",,,,,"27676508,95","8541496,69",,,,
2010,Março,SC,187693154.1,5496.54,"187923,66","7852199,49",49053,"87168233,66","71571771,85","17489398,05","2882636,93","178044758,9","61847582,93","8516375,69","4364289,37","7751010,77","4504138,4","133605,79",,"8114,15",,"806578,38","442270091,6",,"132821,72","111467011,5",,"1720365,76","77884172,07",,"643,01",,,"128787,25",,,,,"30334555,09","9674932,4",,,,
2010,Abril,SC,132898378.2,2760.66,"202441,17","8096356,82","70815,45","64021868,45","83790495,68","142995957,1","996155,34","262422090,4","82062616,15","15479729,9","4654472,19","8801342,86","4923227,54","89694,87",,"6694,35",,"940308,83","442274067,1",,"158527,21","113162676,8",,"511324,09","142598498,5",,"121,9",,,"792310,29",,,,,"31774473,87","14371498,6",,,,
2010,Maio,SC,164527562.7,8019.37,"197996,73","6535071,77","7952,25","72200925,07","92304055,1","44709094,7","619015,6","127694200,1","74989339,86","9159992,36","6155601,16","8896928,29","4933091,28","94595,32",,"12107,82",,"884041,98","458670360,2",,"144616,94","117172341,8",,"293168,83","68792968,55",,0,,,"692932,28",,,,,"76338130,97","13695780,16",,,,
2010,Junho,SC,172579239.4,7115.54,"214696,11","6182066,77","4715,16","77886885,39","89376139,43","42140282,2","729117,28","118273925,2","76119752,5","8698440,93","7094774,76","8845431,89","4729829,2","60579,48",,"5751,67",,"952806,22","481554397,3",,"165064,29",120496522,,"341353,54","87254629,81",,"-643,01",,,"709890,3",,,,,"41002647,13","14328171,03",,,,
2010,Julho,SC,187367535.4,5678.9,"132094,33","7336946,25","81747,62","87196596,43","85354756,29","35738850,11","560834,94","264423221,6","72252697,92","18326147,76","7975032,06","8661357,66","5197066,4","129338,56",,"11018,17",,"815417,5","474670678,2",,"170255,88",118175260,,"285928,61",146619233,,"9853992,82",,,"779757,35",,,,,"38147949,63","16710667,15",,,,
2010,Agosto,SC,199923542.2,6007.18,"149482,83","6106741,63","124982,34","89207868,24","96211444,58","35455016,5","543436,22","138648596,1","74348452,69","10627389,42","29734382,62","9077121,27","5455121,03","394720,62",,"10342,81",,"1098505,37","495995743,4",,"180465,99","125821741,2",,"211968,17","76045578,53",,"13018283,42",,,"1201321,83",,,,,"41828278,04","13321588,13",,,,
2010,Setembro,SC,206153523.6,8426.6,"158053,09","5870465,24","2844,59","91868118,91",105207839,"33423370,38","574066,05","139730714,6","76102119,42","10320729,67","14841195,67","9188719,24","5310673,54","7118449,94",,"12968,25",,"1082459,24","539096549,2",,"178755,08","145624069,5",,"254440,9","76478068,94",,"7831,62",,"24975754,15","9202532,91",,,,,31064717,,,,,"9585539,18"
2010,Outubro,SC,217627509.4,3292.64,"157265,98","7005338,1",0,"97606002,53","108132045,4","31758344,91","556245,18","304009244,7","73617192,79","16869051,57","5450763,76","8929277,68","5199991,42","1242678,15",,"13156,63",,"969537,76","515451368,6",,"161559,52","130126674,1",,"403964,16","168886949,8",,"1828,15",,"25232119,67","829959,22",,,,,"34694697,94",,,,,"9783938,26"
2010,Novembro,SC,226082323.1,3029.13,"60310,24","7154750,57","25685,51","102316492,1",114196024,"29575146,69","555250,81","158332507,7","89713478,71","13427743,08","5961309,85",8958750,"5402257,38","754140,8",,6682,,"1000115,11","549638341,5",,"168876,23","138862558,7",,"225793,41","84901081,71",,"-180,65",,"42047445,56","7711694,24",,,,,"35870646,94",,,,,"10734199,98"
2010,Dezembro,SC,193213106.7,22048.18,"58325,67","9151576,55","19447,24","95743317,85","122267699,3","19191285,64","930303,43","159304458,1","92800799,68","15967373,02","11533551,31","10159419,46","5556026,36","478494,99",,"25700,82",,"1033208,36","551965237,5",,"173675,79","139561574,2",,"488033,19","85680004,06",,"42,14",,"37607780,83","2245638,37",,,,,"33367899,29",,,,,"10216334,81"
2011,Janeiro,SC,194478404.0,35357.69,"74913,54","9650652,75","2433,37","89977612,38","100594537,7","17471442,55","3159457,68","635965202,9","124278617,7","108930647,1","11775885,06","11058697,31","4685746,25","199646,81",,"7781,11",,"1087996,66","551605469,3",,"183983,63",145290975,,"2283430,28","287886197,9",,0,,"26982910,22","845234,7",,,,,"32411179,77",,,,,"8971571,47"
2011,Fevereiro,SC,187367219.6,29406.02,"57811,44","7123784,45","128087,84",79280419,"99495699,05","16412169,62","345086,83","165311149,9","76753966,99","9716991,71","4594570,24","8850982,74",4740411,"328215,21",,"115005,8",,"997453,29","495443965,1",,"169032,53","128449954,3",,"210141,23","83512526,21",,0,,"25409091,79","865217,64",,,,,"23630876,91",,,,,"7494098,6"
2011,Março,SC,211585453.7,23086.75,"95182,19","6894483,84","7381,14","81928319,51","101967640,5","25391177,79","4011901,58","190556868,2","79001644,42","9990127,64","4408716,86","8704075,12","4686484,28","112411,01",,"29224,67",,"1005210,87","532371568,6",,"166124,4","136339970,6",,"2527314,56","89013928,56",,"152,92",,"25865524,16","831920,05",,,,,"54648228,38",,,,,"7673880,66"
2011,Abril,SC,183978504.4,-669.62,0,"7698781,99","9267,69","75974990,07","113298760,7","159727273,7","685974,17","319039176,3","89520482,12","22329423,35","4965765,55","8777189,21","6070632,69","141715,43",,"45315,67",,"1104735,38","537519875,3",,"193638,97","137097005,8",,"352939,93","172427642,4",,"-113,26",,"25978244,56","860576,07",,,,,"30106481,88",,,,,"7473478,82"
2011,Maio,SC,200475816.2,14618.72,0,"7071781,43","5549,61","82267808,07","115768025,5","53294002,65","548099,64","148205645,6","96833396,93","11599277,18","4663543,56","9899960,8","5597439,4","161694,23",,"19110,03",,"1091952,41","583618462,1",,"179180,34","147216700,1",,"347491,47","84162868,11",,0,,"27262384,38","5996532,57",,,,,"39214768,75",,,,,"13270355,18"
2011,Junho,SC,192859374.5,17918.6,0,"6446021,85","6591,28","77493995,44","109228595,5","47432196,7","566401,46","163273560,6","81572535,29","12851961,6","7373647,86","10168110,28","5779089,06","197532,52",,"5982,73",,"1199248,69","537136912,8",,"201546,87","137534741,3",,"267004,01","85966083,74",,0,,"26700708,39","14772813,45",,,,,"67810870,51",,,,,"16549415,89"
2011,Julho,SC,208868106.0,24870.0,0,6621740,34848,90692198,94546193,41372674,648518,312067065,88960820,29376380,5505665,10349965,5553791,629078,,-4589,,1054730,537187072,,175735,137721422,,407147,176536433,,0,,26350681,3019369,,,,,59762991,,,,,9126013
2011,Agosto,SC,247247766.7,4883.65,0,"6497123,48","10240,84",103002678,"98655097,97","42739568,63","593099,21","150932880,6","86009529,97","13444808,37","6801471,89","11402734,74","6163712,28","455708,48",,"11326,02",,"1076847,92","612305846,3",,"179817,34","154053127,8",,"256839,79","84533552,39",,0,,"26489514,32","2765952,82",,,,,"62800572,13",,,,,"10369536,55"
2011,Setembro,SC,258126810.0,40408.19,0,"6885091,69","73649,61","107363507,2","114345142,2","39650856,56","790948,87","162728531,5","87477258,77","13085059,05","5008407,03","10883469,13","6194688,06","7755388,1",,"153542,33",,"1210938,49","581359983,7",,"203429,03","149097436,8",,"279682,4","89905513,67",,0,,"33367356,35","3474613,55",,,,,"62018726,95",,,,,"9098996,54"
2011,Outubro,SC,279808080.2,31743.32,0,"7712663,53","43129,36","120321433,3","125780154,7","34778456,91","669275,24","321649877,7","87489823,62","19329199,1","14828555,41","10617259,15","6314593,21","1158183,52",,"9179,68",,"1106365,68","567902723,4",,"185845,91","146200159,8",,"327671,25","182808222,7",,0,,"33382432,79","2204192,89",,,,,"60610062,24",,,,,"11547696,14"
2011,Novembro,SC,299071424.6,9693.32,"1371,62","9132072,9","23549,61","126045017,7","117817125,2","35976928,66","477002,92",162442870,"96694874,69","14656148,25","5412155,14","11256763,32","6541328,82","520741,88",,"6104,66",,"1149127,88","579640215,6",,"189334,38","149311395,9",,"227601,16","88852185,35",,0,,"37546641,73","4564486,66",,,,,"56140421,96",,,,,"11793891,24"
2011,Dezembro,SC,302221627.5,2101.24,0,"2347136,62","42119,45","126872221,1","124400595,7","31523262,49","1022468,91","155121631,6","99803619,91","20464679,08","11113993,89",12978335,"7012780,1","415247,82",,"42961,74",,"1485517,78","614263625,9",,"249244,86","156302342,2",,"444262,63","86858989,71",,0,,"34357972,83","1115165,6",,,,,"61476018,89",,,,,"11175457,45"
2012,Janeiro,SC,270675892.5,11539.55,0,"19711111,67","49159,3","102831878,9","95156234,55","26756917,94","5224210,73","656583580,1","144371744,1","86995393,52","13270377,19","12653562,26","6444321,55","239094,86",,"5598,21",,"1254866,07","566510368,4",,"222383,61","147962661,8",,"3291843,22","312396473,9",,0,,"27413024,47","1048603,08",,,,,"53780197,94",,,,,"8782635,85"
2012,Fevereiro,SC,260065809.9,13972.75,0,"9156732,23","244766,68","98029754,71","86731989,19","22566352,36","6407257,79","158254775,7","82489198,9","12367792,02","5929824,06","10078437,56","6228889,99","148677,39",,"5080,33",,"1179840,2","500390103,6",,"194477,71","131733695,6",,"3184252,9","79071305,84",,0,,"27161817,78","936199,16",,,,,"49868525,15",,,,,"10861111,13"
2012,Março,SC,273429683.7,410707.73,0,"11112645,78","6638,19","93137861,42","83743817,91","22283226,83","4337403,03","205405728,7","83333248,8","13413157,13","6810953,58","10323325,36","5969985,29","203976,56",,"16546,71",,"1082494,67","567055417,1",,"180310,06","145780081,8",,"2767699,64","95387657,69",,"2113,81",,"27105734,77","1981827,02",,,,,"55782390,29",,,,,"9485533,89"
2012,Abril,SC,214197745.7,250750.8,"-393,71","10090257,39","6405,19","87818815,13","104197847,2","182349153,5","745115,04","331851345,1","101225887,3","22156465,04","6817354,71","12747933,58","6487306,76","254314,58",,"4011,69",,1242263,"549450152,2",,"209034,74","141978299,1",,"442019,59","184652625,8",,0,,"27381657,2","2402457,72",,,,,"54308992,65",,,,,"8319361,62"
2012,Maio,SC,275010435.1,231819.2,0,"8365146,23",0,"111820045,6","93831907,94","84555607,52","602498,42","149464666,5","95406212,95","14499804,02","7033933,39","11542757,32","6112131,42","210666,38",,,,"1149076,56","555503396,1",,"187863,74","144090184,9",,"279158,79","86592879,6",,0,,"30177173,75","4312908,57",,,,,"58180074,46",,,,,"12443501,66"
2012,Junho,SC,252969480.1,323305.21,0,"8597256,64","507,64","92451078,79","105999200,4","110520168,5","760222,76","152144295,5","103079241,7","15001936,26","9359403,43","12642332,19","6491092,96","253458,09",,,,"1137252,97","556964156,1",,"196660,73","143706556,3",,"306539,98","85313132,29",,0,,"35135843,14","3976053,97",,,,,"48007214,09",,,,,"16581641,06"
2012,Julho,SC,300201444.2,102371.62,0,"8491900,27","507,64","107272083,2","85872595,93","55516575,28","1375991,45","328344667,8","95560438,56","16968678,25","7762119,11","13862014,04","6496674,76","436695,31",,,,"1817948,67","585321978,2",,"297074,03","151545282,8",,"559429,48","189474774,1",,"645,52",,"28218199,52","2949825,19",,,,,"22879740,71",,,,,"13106833,21"
2012,Agosto,SC,321493260.2,83931.12,"51438,96","6675620,29","507,64","122581721,1","92925437,8","50595518,87","574063,06","153928827,7","99740225,59","13880979,37","9929734,02","14080332,26","6766052,23","548235,93",,,,"1306408,94",635602290,,"211765,66","157975417,2",,"308821,17","87959106,56",,"506,45",,"28400411,94","3207827,82",,,,,"17529962,75",,,,,"12367110,05"
2012,Setembro,SC,283692321.8,63079.41,0,"10696943,12","7857,77",113218998,"110214704,1","47004642,39","810802,59","167277233,2","112870037,7","14940577,48","6395370,09","17100125,36","7138409,21","8253726,53",,,,"1321267,67",623551450,,"220054,42","154378805,8",,"357869,21","93182303,85",,"507,45",,"28309175,73","1058094,99",,,,,"16879781,05",,,,,"12092703,52"
2012,Outubro,SC,373545967.7,316050.91,50000,"9662536,98","507,64","136366718,3","108308659,8","40828730,85","693173,19","369720085,6","94667827,34","14907018,62","9438373,34","12565026,95","7645550,31","995479,09",,,,"1112238,51","653082071,3",,"191013,08","160524632,2",,"393605,68","210599569,1",,"523,64",,"28762993,75","4321254,26",,,,,"24442721,2",,,,,"13806951,67"
2012,Novembro,SC,291146817.4,212491.28,"178529,06","11066646,04","507,64","107555185,4","121436819,1","42802703,2","715665,05","186042516,9",119381163,"14385955,14","4597885,43",17921471,"6798486,7","581174,55",,,,"1345473,72",700139819,,"223674,88","170341886,1",,"315973,73","98170963,63",,"452,14",,"56324576,64","2736183,78",,,,,"29097334,23",,,,,"13321368,24"
2012,Dezembro,SC,284533946.4,507699.4,113080,"3233867,59","39460,58","97918328,26","116288211,4","26938161,78","849911,53","241748877,7","117034746,8","25997844,07","19276127,12","15995817,04","7409604,9","400906,02",,,,"1261991,68","689851233,1",,"203779,61","170346235,5",,"328760,39","122546454,4",,"482,17",,"27607739,1","4871869,81",,,,,"57174743,58",,,,,"13706792,93"
2013,Janeiro,SC,345249561.1,299961.9,"309643,01",14447322,"81475,3","107435819,1","104875562,8","30649024,94","4987506,66","684438084,4","159902612,9","90272466,44","16650412,77","14063790,33","5606801,62","181585,71",,,,"1608721,83","672240654,4",,"272999,84","165419793,7",,"4670136,24","337524517,3",,"329,33",,"33955632,48","3890105,9",,,,,"17598350,52",,,"789354681,4","86682485,93","21664157,29"
2013,Fevereiro,SC,272677800.1,486130.66,"5033,85","10526243,52","49482,04","88404969,08","91594969,52","24881485,95","415620,82","197823141,4","94363278,36","13695937,65","7072241,49","12589368,45","6862219,54","213327,46",,,,"1031481,1","563160336,7",,"181483,47","143897068,3",,"223257,65","103547642,4",,"365,69",,"28322819,34","8054687,9",,,,,"17446603,81",,,"774555599,1","83758954,23","12489131,35"
2013,Março,SC,326253396.3,420361.1,"1186,2","8330740,67","19889,84","102677755,1","93669863,85",27015032,"2672760,71","179374179,2","98023304,74","16538422,05","5959555,19","12587793,05","6868040,23","218980,3",,,,"961294,93","603665257,5",,"160270,76","149721650,2",,"1753815,88","93512696,32",,"435,91",,"32784090,58","3273067,43",,,,,"15771358,65",,,"802595877,3","84447432,03","14134982,51"
2013,Abril,SC,318676205.9,629246.24,0,"8046970,89","36490,9",106495471,"92068160,59",222920668,"607043,23","377494795,1","103536509,9","27353934,45","8769615,63","13417633,03","7267700,06","406988,2",,,,"1337275,38","623707866,9",,"230812,67","154255250,5",,"516402,16","210487100,1",,"347,53",,"30332440,54","5211163,35",,,,,"19033989,75",,,"833572677,5","88510984,58","14144651,55"
2013,Maio,SC,295232903.8,1397582.99,"1621,95","9715035,82","18859,4","114357502,3","101843363,1","80792748,68","490725,84","188952644,4","107560164,9","18777200,78","5981796,92","13641357,7","7393772,21","321288,48",,,,"1175714,97","671311018,9",,"197123,22","167757657,3",,"184601,99","103949185,7",,"389,94",,"34134349,8","1974125,79",,,,,"21451003,16",,,"830865802,8","94356653,07","21300473,83"
2013,Junho,SC,289038337.6,875908.47,0,"8529183,64","7445,99","101574779,5",101369133,"59087602,55","623025,79","172288167,4","111345939,9","22911988,39","11327197,03","14775824,34","7579296,77","167344,48",,,,"1353076,49","665661874,3",,"225306,07","167483295,5",,"454367,27","99895694,12",,"361,22",,"32613862,34","1906945,22",,,,,"-2649248,31",,,"824673763,9","100408060,8","25256729,73"
2013,Julho,SC,416531903.0,94799.72,"2277,45","8519624,13","8987,24","142701180,4","96886959,16","60456848,57","867230,79","380998935,2","106370693,6","23740305,46","7062011,08","14446031,24","7485484,84","210196,29",,,,"1380987,34","766932298,1",,"228921,93","184952462,5",,"513027,07","215900377,6",,0,,"31939378,56","1840928,06",,,,,"13902891,63",,,"857711074,8",101376750,"14864428,9"
2013,Agosto,SC,408004488.3,890897.88,"1402,5","7751454,91","5597,26",157474165,103276569,"55964020,84","872857,38","206814135,3","109873880,7","19832574,34","6162318,19","14583832,49","7749031,97","1071109,66",,,,"1526802,68",778909879,,"255696,11","188700941,2",,"452134,46","120484514,8",,0,,"32163043,01","4849063,53",,,,,"13921997,71",,,"865556410,2","91848580,79","16638651,82"
2013,Setembro,SC,378618150.0,899046.0,0,9021341,3723,132291646,109098739,49660891,761278,224477506,112298602,19289512,5444060,15832708,8529247,11546090,,,,1523425,710157511,,262248,172641792,,417907,124407698,,250,,32308920,3793439,,,,,22135699,,,857208114,95484879,15835418
2013,Outubro,SC,504701108.0,1360689.0,0,2653781,1811224,186444672,116217074,51498013,972569,473892497,108110240,20910311,7661910,15835637,7957456,1494352,,,,1417083,701163782,,236265,175323909,,599628,253567670,,0,,32522815,3062485,,,,,27885916,,,887591580,96194655,20516741
2013,Novembro,SC,377831021.0,761899.0,5775,10479354,18546927,156114889,137991260,51533277,874176,231451543,133143595,20585604,8502996,15866967,8040642,668501,,,,1539184,695123692,,255431,171112988,,501915,125827623,,81,,64502339,1054750,,,,,72082506,,,891770515,99383050,14557079
2013,Dezembro,SC,363485520.0,740893.0,1605,4742353,22636762,146001067,140406685,45153933,957574,292553096,124048624,53721778,12379240,31892553,8695005,1046423,,,,1507337,734780358,,254297,186902556,,452479,152731241,,79,,29581890,5068981,,,,,91792125,,,1558297119,106422563,33494832
2014,Janeiro,SC,486580581.0,451016.0,1714,13885449,29369077,170461967,108464151,99881736,4673986,790332396,190059884,90087308,16952051,16363102,6873831,162943,,,,1500652,725024787,,270768,181438763,,3536619,401717532,,0,,36243290,442818,,,,,31254127,,,955020178,105463312,13773555
2014,Fevereiro,SC,453708732.0,605127.0,1535,11018640,12079058,163015366,109903309,33489163,2042195,215937981,111306285,19247773,7869034,14527434,8465634,243954,,,,1618869,717231627,,272524,177261835,,1227684,116393960,,0,,33378142,3065627,,,,,31258318,,,873353110,190530438,15007428
2014,Março,SC,420665281.0,1373280.0,1386,10860121,16265053,150703636,127124169,63259704,9840598,243180210,107180562,19389943,10840088,14649087,7345856,237720,,,,1609475,709713781,,271728,173784817,,6466236,123173554,,170,,35707765,873953,,,,,22526062,,,941339853,109478967,15651538
2014,Abril,SC,352226336.0,1143344.0,2203,9909861,22129233,139329914,126940694,242884349,1143615,463839897,117718104,36267126,14156228,15089815,8876504,134350,,,,1592148,653732690,,267277,164900428,,770974,255510362,,174,,35530109,2754092,,,,,31817150,,,982926537,109534556,14815097
2014,Maio,SC,408845117.0,1117660.0,1124,10227320,13795318,160369632,156609638,119130275,1075412,235724892,134549400,26350775,10221815,15477148,8834630,807461,,,,1682231,712511004,,276875,171660654,,492978,115431363,,0,,35982171,617570,,,,,39801004,,,1004282390,109385008,17944951
2014,Junho,SC,294018024.0,1208302.0,1355,11440488,14779134,113922828,156754591,72489578,1045792,201916700,121439621,22260685,11974144,16433173,8940351,265162,,,,1605752,699861643,,266612,169685300,,588710,113641696,,159,,35860285,3408905,,,,,27369737,,,1010134458,112678801,27554051
2014,Julho,SC,431864653.0,1582641.0,1456,8846536,9981648,158137810,133588998,64545796,1248771,426829846,128631615,28265566,7120157,16594473,9052703,332262,,,,1724049,701124942,,289548,173029308,,713616,249373718,,0,,37121637,1984898,,,,,35901630,,,1029524861,112881846,20883938
2014,Agosto,SC,387921639.0,918694.0,63835,10146403,9788961,154082612,153109661,72636562,1184431,284677416,132122534,22459184,6601808,15369348,10446783,730616,,,,1785369,710550825,,297058,172684372,,628454,146232797,,0,,36858619,1345610,,,,,174572717,,,1062569659,113196117,16206261
2014,Setembro,SC,457862292.0,768967.0,52081,11280924,15029157,188606846,156840809,53672366,1215131,205743322,131059819,21185803,6647742,16487890,8898611,12165202,,,,1867994,787616502,,309430,192395986,,622262,110125248,,0,,36918493,728909,,,,,105109326,,,1059174224,117773473,19559298
2014,Outubro,SC,510126655.0,737802.0,58515,9509789,18948990,225473464,168234726,51103439,1249430,477389320,130266788,30707724,9310943,15718446,8867029,1363850,,,,1811228,769837352,,303618,187570622,,803473,273748554,,297,,37691829,4220996,,,,,112965382,,,1049973582,115159683,19094914
2014,Novembro,SC,450333583.0,511065.0,79690,12200391,18928182,196135435,193579958,55942893,1514966,236749314,157451769,25585606,8657642,16942005,9023539,1154948,,,,1948958,802151869,,341154,199033153,,927520,127865865,,2815,,76132503,2752146,,,,,151944291,,,1089232336,112883042,15902052
2014,Dezembro,SC,385919492.0,758045.0,33904,4077404,10138816,162411474,172919933,31250615,1150109,203967756,148454131,41151317,21924771,20511974,9745879,954729,,,,1847663,758602121,,309230,193484761,,629203,119567788,,0,,40910847,1636922,,,,,97796065,,,1716969183,121267943,18680807
2015,Janeiro,SC,522303211.0,980706.0,67134,8877066,25828333,208852523,146294872,33362077,12332423,709966984,216435359,101981704,18115151,16848750,8003005,211209,,,,1909414,791885248,,323435,197122561,,8986457,367191656,,0,,38095274,,,,,,54278300,,,938247147,200055149,11891524
2015,Fevereiro,SC,483587947.0,86592.0,27853,11264168,924761,174058047,113430539,25141218,1218677,213550516,131440431,23630074,8276651,14208934,9791613,254441,,,,1479054,706560894,,246716,173994126,,722318,116832833,,4222,,39092734,,,,,,51189055,,,950848583,119090887,10853934
2015,Março,SC,613226994.0,328180.0,18897,8237356,6755791,202210630,110191439,33953126,1391103,215051188,129741038,28893286,9463582,14248818,8866329,369836,,,,1466388,755883850,,240712,187426014,,818752,110331265,,0,,40961568,,,,,,57817665,,,1006726621,110890960,12636070
2015,Abril,SC,452351330.0,200216.0,38004,11641464,8153680,162290370,129754920,263944791,1089671,437597362,137059221,38343068,13334956,14744705,11952515,226144,,,,1458697,727348030,,243653,185467608,,886759,254433207,,0,,41250870,,,,,,58090673,,,1047109066,122098011,10812525
2015,Maio,SC,333450040.0,254410.0,42362,10143800,21352133,143078219,127349503,87138830,1213107,212975826,152420787,26268832,9923169,15143462,9995751,312943,,,,1416976,691959137,,235397,178224030,,702715,117126355,,0,,41950382,,,,,,49079693,,,1054089055,118880140,13182625
2015,Junho,SC,405410253.5,725083.94,"1103,55","5736476,14","9769811,34",153960195,"122431654,9","73029264,15","1395305,83","201047044,1","141859973,5","26921850,95","14156741,03","14940471,91","10937783,02","313088,69",,,,"1774602,48","777033056,8",,"291239,88","194539855,6",,"866584,71",115350374,,0,,"41630059,37",,,,,,"50271579,26",,,1064086413,119452642,"27537670,92"
2015,Julho,SC,479336916.6,47177.87,"1846,8","6510827,84","18966381,74","174207574,3","118779646,4","99463995,85","1643067,14","439971865,9","141698203,7","32186222,8","11342111,11","16878713,17","11543818,15","3109418,31",,,,"1372111,71","779437692,1",,"229191,27","191559505,1",,"1076830,22","245433914,3",,"680,67",,"41713363,58",,,,,,"74560886,79",,,1080018236,"120575663,5","15201205,1"
2015,Agosto,SC,486068537.7,79376.5,"5360,79","6769282,28","6438245,33","169367294,9","119655591,1","61816504,81","1431143,29","180003193,6","140516728,3","28709660,76","10199369,8","17663110,56","10286490,1","447047,4",,,,"1473207,46","792879510,7",,"250382,47",192142745,,"819936,91","100032391,1",,"212,05",,"41502267,89",,,,,,"54899251,5",,,1065276013,119017526,"15486948,42"
2015,Setembro,SC,499714706.4,343869.46,"1556,93","7284107,21","13810548,97","214097171,4","134888831,2","57178053,16","1102000,79","193018183,1",139913471,"34358499,23","9556066,96","15812323,3","10896473,15","14285231,95",,,,"1323167,66","848577702,6",,"220194,72","206538986,9",,"646865,8","111954369,4",,"49,39",,"41839639,88",,,,,,"86887911,37",,,1071781389,"119212163,8",13707095
2015,Outubro,SC,458029334.1,305856.67,"1799,55","7789808,38","7778858,12","194683741,5","134199833,8","60650073,64","1498335,03","428874982,8",137804789,"37002983,87","16088093,04",15442945,"10070699,89","1323577,67",,,,"1323829,01","746351548,2",,"212434,71","185740086,2",,"1141119,68","240174803,2",,"345,25",,"42685039,15",,,,,,"50807954,77",,,1062107443,"129741216,7","20449719,3"
2015,Novembro,SC,397379824.0,125937.31,"2136,9","5506890,99","9697776,12",169197146,"141205008,3","64804759,65","1150694,66","229424084,5","163729977,3","36972750,11","10668292,89","15538261,3","10984814,64","932603,84",,,,"980944,75","800779102,6",,"518785,02","194065692,3",,"765153,09",132490421,,"171,75",,"76890179,51",,,,,,"47152375,45",,,1091269782,"118650585,7","16326663,55"
2015,Dezembro,SC,338856863.8,451468.31,"1297,5","8857574,99","9492436,72","131525784,1","137292247,9","31026434,47","1292680,67","190442653,2","167846250,5","36788603,55","15683963,08","17749792,37","9975958,61","859831,95",,,,"1277896,64","735800027,2",,"214475,34","187595440,8",,"748608,02","113202532,7",,"31,13",,"51759451,69",,,,,,"46730280,73",,,1718098318,"125413618,3","16356052,44"
2016,Janeiro,SC,355944129.7,65997.44,"1241,7","5958754,87","20013384,97","132177985,7","122083076,3","35447903,89","8490243,62","558697421,7","231058261,7",106226141,"18576500,73","16922627,57","9839495,01","344131,08",,,,"1408127,15","773367291,8",,"228475,17","203453525,2",,"6798903,17","293420236,8",,"33,67",,"43863905,94",,,,,,"45366515,82",,,"968546056,5","201619095,1","11608762,49"
2016,Fevereiro,SC,403876221.9,568924.83,"10610,25","7575513,25","1068062,51","125727600,3","102224684,5","23234402,49","1072424,03","214709581,6",134600418,"26515071,24","8459576,27","13195312,84","9170873,93","420952,58",,,,"1267000,95","721707790,8",,"206608,61",187024438,,"729779,18","117103102,4",,"34,86",,"42217334,47",,,,,,"51606232,3",,,1096668939,122939732,"12348668,83"
2016,Março,SC,359138915.7,429713.93,"1752,9","5888560,22","1933983,27","130534205,5","106530151,4","35690090,65","1257491,49","213016501,8","138868365,1","26102824,98","8374480,18","16648020,12","9213291,89","297597,94",,,,"1149109,74","661805262,5",,"192094,22","171982659,4",,"813134,53","114508602,4",,"30,11",,"42689779,12",,,,,,"52149772,99",,,1115780989,"118108406,8","12965536,88"
2016,Abril,SC,280343394.3,478881.67,"1530,6","6765901,02","6296788,01","108889194,7","123761597,3","289874043,1","958369,8",526348455,"148957088,5","36276114,77","8657474,77","14225789,54","10286349,27","295527,35",,,,"1176056,4","654644358,9",,"196070,46","171210639,1",,"858955,53","266888356,1",,"30,03",,"42506637,83",,,,,,"50471302,27",,,1135168873,"128456728,1","13180139,27"
2016,Maio,SC,321438104.1,192432.65,"1914,45","6522108,02","7266731,03",121626913,121875006,"87963573,65","1102639,75","227030435,4","163731670,5","29935792,91","8512591,43","17260200,69","10931101,5","267411,36",,,,"1185774,77","738353233,6",,"197497,83","187612962,8",,"737144,58","120887147,9",,"28,77",,"42772479,58",,,,,,"58751490,65",,,1134160459,"123175298,3","14125477,38"
2016,Junho,SC,295775289.8,548561.67,"1368,6","6554421,23","8886388,3","122204515,2","139227159,9","80515724,97","986481,05","205846370,7","164303292,9",38625165,"13027465,45","15465755,65","11650858,93","427311,51",,,,"1232437,82","716311638,1",,"206384,81","181890307,5",,"690983,78","118868373,8",,"24,74",,"42624132,46",,,,,,"61214532,91",,,1147444435,"120017212,3","24839407,11"
2016,Julho,SC,316372747.8,19972.5,"1607,85","3976669,09","6311750,97","127419257,2","129545354,3","78464822,1","1716175,1","476147889,8","157336093,4","37741533,65","9643111,38","15982752,12","11263063,81","222939,31",,,,"1343363,18","710769778,3",,227115,"182827467,5",,"1233212,23","265073460,6",,"504,57",,"42647508,63",,,,,,"57306304,16",,,1163728557,"123479437,1","13272187,14"
2016,Agosto,SC,373268284.3,-1021.93,"1679,4","7215725,54","7061951,73","149322273,2","118985776,6","69551370,23","1274588,67","232124187,2",163518601,"30162465,38","14387377,6","15587574,11","28349369,66","529580,47",,,,"1209590,98",780826808,,"203786,93","197846033,6",,"866304,06","124080490,4",,"30,76",,"45273895,06",,,,,,"69256314,47",,,1159925327,"122626030,7","15955887,64"
2016,Setembro,SC,359777672.4,262952.42,"1099,05","7721270,51","8536332,03","140104973,5","131291662,9","62769469,95","1317003,79","224748874,5","158951578,9","36946882,51","13936977,14","14647178,65","11435983,7","15349705,03",,,,"1295606,02","782531955,1",,"218753,75","195488152,6",,"883530,69",121672333,,"17,6",,"45392680,8",,,,,,"57985226,53",,,1136054987,"124899646,6","15693917,77"
2016,Outubro,SC,372377629.7,165732.73,"1768,8","10651497,43",13205741,"145769219,6","145666570,9","63168777,34","1130344,2",471872417,"157140609,3","46270359,1","11892797,51","16325376,46","10630257,59","1520222,78",,,,"1234454,76","789138000,3",,"210500,64",199524547,,"1091388,78","263494522,5",,"186,91",,"45788606,36",,,,,,"51603029,03",,,1160852078,122646436,"14869486,83"
2016,Novembro,SC,371090876.3,71367.13,"2584,65","8209837,78","9626125,72","152359569,8","142993438,2","64442808,39","1397055,56","243658742,3","185583056,3","38353745,35","9707633,64","15085787,58","10230999,98","1287312,76",,,,"1252111,98","804772668,5",,"212141,49",200369134,,"961254,88","132364214,6",,"552,19",,"81978170,78",,,,,,"56591545,85",,,1161252352,120643410,"19490931,3"
2016,Dezembro,SC,321811433.2,250075.33,"2315,4","11018953,98","24070021,99","129300416,4","153407848,1","33770009,87","1243821,38","198562388,5","185516635,7","52831213,69","17334851,1","17999148,73","10902770,5","1081885,31",,,,"1299785,58","783867690,2",,"219071,22","197310245,4",,"875723,01","115982500,3",,"31,19",,"56338903,71",,,,,,"72117431,47",,,1930029404,"126096912,7","19699934,18"
2017,Janeiro,SC,380668813.7,23173.75,"1972,2","13171983,19","23412034,5","137205566,2","122874206,2","109298906,1","7064160,96",572325526,"274438638,1","128518357,7","23893883,25","16277409,45","9576466,07","280205,48",,,,"1551611,81","824723424,2",,"263818,06","216405438,4",,"7494418,35","310404014,5",,"23,25",,"46053568,3",,,,,,"48076652,05",,1272364249,,,"12957631,94"
2017,Fevereiro,SC,301143680.2,47630.51,"1346,25","7643767,55","5339873,48","102135871,7","109043250,6","26240426,74","1286945,19","260543177,4","155633956,6","39152670,3","7737879,8","13092424,23","10370003,03","206148,67",,,,"1180459,21","692351403,5",,"199950,66",182993076,,"908248,98","138180141,7",,"1691,09",,"49769657,36",,,,,,"51523312,86",,,1125266444,129559171,"9335020,147"
2017,Março,SC,404866842.7,471744.83,"417,6","7593095,63","7388128,71","140346095,4","111566450,3","36832721,9","927874,09","205241161,1","156885171,2","36504484,5","7886267,51","15800576,63","8826692,43","425039,81",,,,"967567,49","768419503,9",,"163776,91","195086946,5",,"671067,59","112799358,9",,"192,49",,"43777047,55",,,,,,"102276876,9",,,1182566615,125638315,"12330484,95"
2017,Abril,SC,333287495.2,27764.28,"2723,4","8561787,31","14463634,48","119143721,1","139268796,3","310993461,6","1500782,01","460857956,7","172738240,7","52953972,16","11209349,9","15626268,73","16214506,13","375188,62",,,,"1110433,57","760441238,2",,"187932,14","197790667,9",,"1148206,96","254522894,5",,"63,27",,"52262259,41",,,,,,"76674517,87",,1280064363,,,"7425929,928"
2017,Maio,SC,345231695.4,1720211.76,"2269,2","6834694,24","10849541,69","130184286,8","127308112,6","101545802,8","1154688,43","199352461,2","183828562,3","37984907,01","9649975,34","18651264,12","18707452,96","407916,21",,,,"1117291,04","726126483,1",,"195156,38","190139014,3",,"825212,47","113821988,8",,"16,52",,"48270411,7",,,,,,"62346814,44",,1338074828,,,"12200532,31"
2017,Junho,SC,419137499.3,473187.93,"2572,05","9806446,72","11309667,78","160824266,3","151154304,1","91523117,61","1170955,48","197694950,5",186544534,"39546301,6","12020279,57","15669643,22","21094483,65","363054,65",,,,"1195557,33","837385243,4",,"218687,12","205770045,2",,"790043,66","118357002,9",,"17,52",,"48969042,77",,,,,,"55440191,59",,1306949568,,,"26918354,43"
2017,Julho,SC,416381483.2,47949.36,"2513,55","6824531,19","17217414,85","161693687,1","131215108,6","88043415,47","1816715,78","450852370,5","178584884,9","41480514,3","9025829,39","18653850,27","22549798,66","248258,52",,,,"1434374,82","793359147,3",,"242729,75",204947368,,"1300918,08",260490108,,"41,78",,"48723973,63",,,,,,"68695129,02",,1312094131,,,"11666891,65"
2017,Agosto,SC,465530337.7,83052.96,"2434,65","5884444,07","14387304,48","180618402,3","131440757,5","74248669,58","1308776,52","212427118,4","181936059,1","36637651,74","9745179,48","19095991,12","21681066,36","809142,48",,,,"1235478,01",849605945,,"207298,12",214963944,,"932214,86","124517222,3",,"30,31",,"49216683,62",,,,,,"98889286,03",,1380838642,,,"18605511,64"
2017,Setembro,SC,444437641.8,134079.1,"1883,25","10196878,83","15960449,51","173838812,9","139964055,8","67742671,01","1665581,87","348136117,8","176604507,2","41935734,95","6871620,68","16825491,66","22519426,96","18153800,78",,,,"1401539,19","916968341,9",,"237893,09","223625932,1",,"1190610,23","172206635,4",,"16,53",,"49356354,23",,,,,,"166861836,5",,1355004586,,,"21724110,74"
2017,Outubro,SC,480962401.9,311224.98,"1511,85","7795582,77","10665761,42","186939951,3","147869355,9","65826399,99","1309733,28","531935375,1",181210036,"41348930,81","11085915,37","17054341,9","21296646,63","1895686,06",,,,"1287046,04","908935083,2",,"217484,07","223706538,5",,"925435,85","300174610,7",,"314,55",,"49428741,35",,,,,,"186263043,3",,1372927227,,,"22657411,33"
2017,Novembro,SC,446493984.6,399601.78,"1192,65","10070445,95","22685,55","183939386,8","145914726,1","92045886,71","1390014,6","256293246,6","209225781,7","32765185,29","14109182,46","18015805,55","23383704,15","1254517,4",,,,"1353272,89","900603595,4",,"228461,1","222487932,5",,"955661,46","142622341,1",,"3563,34",,"98055312,11",,,,,,164457285,,1404819123,,,"23048126,93"
2017,Dezembro,SC,346296655.8,478555.56,"1464,9","11812748,41","9485325,74","142404783,2","192270696,5","44913262,37","1237489,83","231423265,4","201926598,2","53898936,88","15322723,44","21009255,33","24937681,59","1123325,51",,,,"1264356,74","879897099,4",,"212843,44",213149931,,"905791,25","136069108,4",,"40,8",,"55421384,06",,,,,,"134211078,5",,2115833797,,,"22236986,07"
2018,Janeiro,SC,514528852.9,357729.62,"1727,25","12892877,01","27354,51","186903587,7","141277966,8","36478447,71","5344399,52","779531507,3","300723196,4",156434253,"25709692,91","23198711,85","21439274,73","1822223,06",,,,"1362077,92",1005638154,,"228881,18","253541347,7",,"6315580,54","391384966,3",,"16,88",,"50417870,41",,,,,,"219449380,4",,1432338473,,,"23674147,62"
2018,Fevereiro,SC,472686011.9,650174.63,"928,8","6750256,15","1149771,64","157487901,2","117962868,8","37801015,63","1731415,09","295398285,5","174563770,3","36773003,09","10890148,28","14429531,97","23040802,08","236985,56",,,,"1356899,04","862338154,4",,"225500,06","221681921,8",,"1211627,69","149505759,1",,"152,32",,"49158311,6",,,,,,"68913099,43",,1313569519,,,"7859883,423"
2018,Março,SC,516439330.1,146186.51,"1130,25","6803212,2","118679,51","162334143,2","145452843,1","42807000,71","1632983,75","236647801,9","166144961,4","56393379,29","11006756,59","15471329,33","23166533,7","351025,98",,,,"1243786,07","939038448,6",,"206565,4","239904398,4",,"1138982,24","124955245,1",,"15,73",,"45452855,29",,,,,,"57837945,31",,1310428614,,,"9052259,78"
2018,Abril,SC,542280742.3,22404.41,"992,25","7051167,43","11284102,27","181480974,8","167501955,9","348101600,1","1644133,12","560573997,2","198325724,1","39289443,45","12813205,27","18070155,33","26853570,26","173070,12",,,,"1342239,81",1006394791,,"214667,86","251063754,7",,"1210956,06","296288823,3",,"69,4",,"55050297,05",,,,,,"45215753,75",,1355393878,,,"7799111,283"
2018,Maio,SC,436575390.7,37754.86,"1019,85","3501342,58","12561775,7","170538994,2","131631330,6","115909422,1","1449236,75","231701244,9","203867791,4","35472303,67","12510838,53","17444249,73","23683170,97","327741,24",,,,"1220301,05","912983711,7",,"202493,27","228806981,1",,"988878,18","129219054,1",,"86,74",,"50337022,33",,,,,,"57665172,8",,1378512114,,,"9674963,689"
2018,Junho,SC,532416690.1,178800.43,"1445,1","7413007,43","13231097,23","218020672,2","124257043,5","96976960,51","1441915,53","215608962,6","189264337,7","38749880,65","14804994,81","16636572,86","26905007,8","281711,32",,,,"1025914,52","968131064,5",,"170367,44","248265985,9",,"977714,54","120005425,3",,"86,01",,"50796186,88",,,,,,"91351075,22",,1390830570,,,"28907676,6"
2018,Julho,SC,568221524.7,43588.31,"1535,55","4724275,93","3547176,13","237985986,3","173220413,2","110795389,6","1485311,75","572154699,4","183281229,1","40244744,43","12330177,48","15991026,35","25530016,58","572671,62",,,,1135791,984526677,,"175614,38","249052465,1",,"1257370,05","309900525,9",,"256,03",,"47475399,49",,,,,,"65140697,2",,1401278532,,,"14173794,24"
2018,Agosto,SC,603705685.6,44238.62,"215,87","8249687,72","13862668,34","256580906,5","145878425,6","77651399,75","1476205,74","313580070,6","185484197,3","38917311,89","10126443,89","16964341,67","24999748,53","784264,3",,,,"1334498,89",1036605368,,"224487,3","255958419,9",,"1007036,29","174094784,1",,"117,21",,"47632004,97",,,,,,"35195709,55",,1442943383,,,"12885716,71"
2018,Setembro,SC,530595597.3,9976.63,"1413,82","4162205,6","13782829,78","226125238,5","169999923,1","73894703,8","1256544,17","276095738,5","183604415,1","35589775,45","12846887,99","17133468,12","28995602,54","17562084,04",,,,"1377688,67","994695411,2",,"230065,18","252823267,5",,"869968,58","147626418,6",,"102,93",,"57766292,02",,,,,,"73076030,41",,1734700849,,,"10968479,79"
2018,Outubro,SC,613285949.2,-1965.07,"1316,82","4252410,7","19960556,5","264704671,2","166056949,1","78705607,07","2228456,8","586811728,4","184181435,5","37162280,59","18002879,93","17839608,09","25194663,19","1694744,5",,,,"1453446,72",1086866387,,"242363,42","267198259,6",,"1214540,6","318431371,9",,"1719,91",,"51225992,26",,,,,,"58733293,52",,1746993186,,,"13260202,62"
2018,Novembro,SC,523820159.3,489.9,"1479,15","12659982,93","10103824,49","234403414,3","169232931,3","106231363,9","1685160,63","364476106,2","221071211,7","39742157,69","16433025,68","17824674,18","24300878,01","1193806,05",,,,"1549463,93",1007762429,,"257318,99","253367618,7",,"1110061,42","188435242,2",,"108,02",,"92013776,21",,,,,,"60746363,84",,1775699142,,,"14077080,95"
2018,Dezembro,SC,416589940.9,-4576.71,"1557,3","13697923,81","16004662,93","185993910,2",196523181,"50168231,05","1311152,95","350029645,3","219421742,9","63013482,91","16871691,36","25757845,23","31612012,56","1066842,42",,,,"1274741,14",986923612,,"234979,46","253772904,5",,"931194,99","173543164,5",,"704,91",,"62046067,13",,,,,,"25893793,44",,2923766115,,,"26385974,21"
2019,Janeiro,SC,655408473.4,-1709.75,"1771,5","12969492,83","30235399,98","246552540,1","150209034,1","44887941,95","10313113,34","873131072,8","324230318,3","123585945,2","30712162,8","21035936,94","22049842,65","500710,49",,,,"1535731,59",1120025706,,"273159,28","284496505,9",,"9594077,59","430782355,6",,"217,28",,"52618266,19",,,,,,"48654743,23",,1701986753,,,"8454898,949"
2019,Fevereiro,SC,591653023.5,-1952.4,"1092,9","9548873,86","655462,95","229191272,2",160112968,"43669879,96","1595654,35","366492161,8","184706680,3","37907169,86","12931557,52","15310261,39","28874325,94","375457,25",,,,"1372438,61",1017688311,,"256522,97","265880150,8",,"921560,99","183806560,8",,"123,46",,"51536554,22",,,,,,"20876670,61",,1686004545,,,"8380032,581"
2019,Março,SC,547876125.2,-1735.81,"916,1","11730198,63","8712508,58","227618045,6","215477791,4","45357097,24","2026653,51","360640337,7","182025434,6","39009842,23","10177379,57","16632623,83","24800654,5","459549,99",,,,"1345873,29",1054003340,,"249334,7",263101690,,"1144570,47","167386124,3",,"831,89",,"52777826,68",,,,,,"74564408,39",,1716038356,,,"9743692,998"
2019,Abril,SC,562480134.1,-2035.92,"1037,85","6042532,92","24226413,37",217108341,"168075357,7",370887940,"1710346,36",606843527,"208660271,3","42472655,77","21204384,27","16773477,52","28346081,99","482785,29",,,,"1136240,98",1046357616,,"208319,66","267392763,8",,"1098404,43","319177305,7",,"582,32",,"51562273,14",,,,,,"37901284,35",,1746453883,,,"11548294,94"
2019,Maio,SC,581065675.6,7711.79,"2325,6","6686881,95","18696787,67","283247579,7","176784072,6","127896254,1","1695477,27","280018625,5","219483262,4","39524058,52","16035753,99","18462992,03","29356464,63","371050,86",,,,"1442641,84",1120636152,,"261373,47","281871462,7",,"1018667,06","155589642,9",,"626,69",,"51648115,19",,,,,,"23481053,76",,1563187444,,,"17442497,15"
2019,Junho,SC,540611546.8,-1536.79,"3164,91","6251195,09","16985148,43","231866660,2",191799254,"107866615,9","1688779,68","304562716,4","218078723,3","39973487,18","15496581,82","19791263,26","32578887,72","316259,46",,,,"1463624,55",1060302816,,"265927,73",269397489,,"990718,86","161182885,3",,"808,9",,"51901319,96",,,,,,"22543884,47",,1697742234,,,"34167250,43"
2019,Julho,SC,602466714.4,5743.63,"2782,24","7864951,36","21733190,77","274343148,4","168557576,7","101397893,1","2359139,96","653033852,9","204837251,9","48296235,27","13135171,84","17700513,44","30448704,45","395328,66",,,,"1616037,56",1049623602,,"295418,81","268381474,1",,"1491631,99","351418019,9",,"1660,34",,"51767693,12",,,,,,"30414411,79",,1641220009,,,"13752442,21"
2019,Agosto,SC,675400456.9,4061.34,"2650,26","9123574,61","21344863,89","289758278,3","167899799,2","111971512,4","1912775,69","325660080,4",209389971,"38497178,95","11357189,35","17809510,91","29950051,22","4463054,7",,,,"1413077,5",1103827523,,"226047,16","272059325,1",,"1072056,8","168338570,9",,"2539,67",,"52129837,56",,,,,,"126037951,2",,1639959982,,,"13706873,37"
2019,Setembro,SC,715049793.4,4773.15,"2103,67","7584478,16","24928645,54","327362227,2","175911886,5","95602456,24","1841248,09","315340042,9",206856710,"39818599,68","12771931,87","18375009,91","30159653,19","19772600,65",,,,"1326971,99",1200731108,,"229696,08","298824159,3",,"1043607,26",166150508,,0,,"51943532,65",,,,,,"50154014,21",,1672936202,,,"11359938,55"
2019,Outubro,SC,767919107.3,5035.99,"3279,22","9009994,63","22426753,51","326082401,2","184458361,6","91657479,27","1978071,88","727273219,9","201951649,6","45496059,6","24266170,36","17330649,08","29716617,48","2796669,3",,,,"1339858,78",1201853431,,"227564,13","300449578,3",,"1187124,55",373710507,,"55,63",,"47115769,44",,,,,,"35589847,27",,1695302101,,,"14623045,65"
2019,Novembro,SC,587604675.4,11550.56,"3699,1","20980183,91","25707456,46","264435272,3","183700663,2","94977533,14","2784064,29","399237576,7","263443470,9","42473786,09","21760778,04","22735939,89","33258664,82","2542977,14",,,,"1448463,36",1123267312,,"236215,34","288458526,3",,"1802511,01","204747741,9",,0,,"102760764,7",,,,,,"25473518,17",,1695759524,,,"14247919,1"
2019,Dezembro,SC,595122162.5,-2571.75,"2172,06","19244711,52","19793314,08","290777496,9","182857085,7","106735255,4","2202017,42","316226475,4","232508292,2","52915822,9","21495972,3","23893683,7","37521311,41","1159282,7",,,,"1336278,72",1147956892,,"227541,59","287156591,8",,"1253265,48","165206243,7",,"55,63",,"54804474,48",,,,,,"20021412,05",,2914512250,,,"31613832,48"
2020,Janeiro,SC,752174055.7,-2797.63,"1557,3","18263390,65","28140950,57","310494037,5","165062359,7","49324843,32","5968530,58",1007329625,"354637345,3","124960490,7","35731734,85","21901775,81","26275562,44","513219,31",,,,"1571818,04",1203638201,,"262749,14","313158625,8",,"5661646,75","493934254,4",,"112,47",,"50743878,53",,,,,,"24836611,97",,1598115624,,,"12953287,58"
2020,Fevereiro,SC,661421235.6,95687.42,"2006,08","12317519,23","4346129,82","264465841,9","182014001,5","55235851,12","2074586,17",396211129,206323453,"38537533,84","19308336,14","17022174,48","34863476,02","550850,52",,,,"1472590,27",1098515645,,"248503,12","283479961,4",,"1227109,23","193262383,9",,0,,"49649212,31",,,,,,"23049030,72",,1533242469,,,"12161310,11"
2020,Março,SC,762532192.8,-1867.3,"217,36","8950851,39","16048400,5","298496903,7","156629670,4","49515616,39","1601981,27","322291507,9","198122816,6","34629081,15","15433124,3","17608050,94","34509839,59","435663,7",,,,"1534783,68",1075181539,,"264205,77","277398307,8",,"979301,89",150200425,,0,,"62388826,59",,,,,,"21889252,4",,1532820282,,,"23683811,46"
2020,Abril,SC,554687729.4,-1358.74,0,"2481050,55","19154524,84","244687894,7","101875106,8","63623842,35","1721377,02","531031765,4","211515742,7","34610894,62","28907834,39","18207809,12","16672183,41","311756,39",,,,"702188,59","698270345,3",,"118249,01","172886012,7",,"1052385,89","277893922,3",,0,,"62179242,12",,,,,,"15774514,58",,1140476480,,,"9588309,336"
2020,Maio,SC,553538314.5,-1360.74,"1823,67","8701250,48","320439,74","265100180,6","89701366,61","56683992,04","1639573,91","249561557,1","205348242,5","29158811,65","26152774,24","17859041,89","985399,21","453153,62",,,,"711331,22","701221209,7",,"123191,32","170799804,2",,"1070634,45","124564508,2",,"608,21",,"60713781,32",,,,,,"32566509,8",,"992005638,7",,,"8354471,071"
2020,Junho,SC,386517779.3,-1629.84,"1521,76","10737638,89","17323000,34","206993812,4","118553899,9","357521644,8","1711671,11","259954653,6","187482844,7","32229769,45","20563380,06","15987365,91","541438,57","344159,03",,,,"778355,92","596181273,4",,"141818,74","150268010,3",,"1071357,04","128889984,9",,"72,16",,"60987771,14",,,,,,"25860410,14",,1039238545,,,"34177484,28"
2020,Julho,SC,545528337.3,2006.16,"1883,73","5702087,32","34036798,35","285728809,1","166211596,1","145480261,5","1921932,13","686317740,7","184932658,3","39867664,43","18950822,35","22006325,2","850411,48","476591,09",,,,"1551425,2",1062015143,,"262008,12","269664936,5",,"1152418,84","350882033,2",,"534,57",,"59157851,26",,,,,,"32221493,16",,1478516802,,,"15210265,42"
2020,Agosto,SC,591027529.1,25734.51,"3021,53","6521885,39","21604034,71",325874950,"236138922,5","140847911,1","2847873,24",392923751,200386858,"39519625,03","23052592,97","24209119,17","974149,88","1214175,36",,,,"2466507,05",1426625138,,"397464,19","373921416,2",,"2026538,04","218798658,6",,1620,,"68299918,2",,,,,,"26737313,33",,1958293577,,,"16098357,31"
2020,Setembro,SC,708545851.7,918.72,"2360,37","12875797,11","24295490,96","370459430,4",259216013,"157072782,5","1676348,27","391546218,5","216490135,4","43222486,06","49169371,25","19474114,08","835727,64","21962172,53",,,,1620889,1325860810,,"274535,84","328988007,7",,"1005815,25","198379619,6",,0,,"64767624,25",,,,,,"41297226,22",,1746501790,,,"17439424,35"
2020,Outubro,SC,864906058.2,-961.27,"2023,87","8407200,98","31300365,66","441849786,9","235962499,4","144335849,1","1808858,52","955917986,3","205833982,6","52770670,83","30480496,57","20571754,21","725796,34","2473344,2",,,,"1978738,44",1644589763,,"335230,16","417569221,4",,"1102656,14","472171940,1",,0,,"62946915,12",,,,,,"37010371,66",,2080414901,,,"17534201,9"
2020,Novembro,SC,1060365459.0,-1693.42,"2760,47","18580690,95","17135773,31","528625529,6","256585794,7","164275913,2","4003412,23","524492046,6","262429553,3","32610446,27","27953244,8","21658833,57","781523,24","1605323,57",,,,"2145625,04",1869916361,,"330674,72","465786498,6",,"2700833,88","263182372,8",,0,,"115167900,6",,,,,,"34552352,79",,2138476562,,,"126378191,9"
2020,Dezembro,SC,967243738.6,10987.16,"2337,57","18018880,69","31769465,65",488037790,"274616134,1","121710454,6","2035233,52","608525772,7","273488620,6","70319475,48","42420770,7","22970266,26","17802544,24","1491871,43",,,,"1473401,15",1558113948,,"251018,59","381897254,9",,"1265799,08",291045886,,0,,"74358941,54",,,,,,"92689025,78",,2978976117,,,"27881922,73"
2021,Janeiro,SC,989607259.0,-2240.43,"2033,79","11701185,03","28939850,43","510691151,2","197884268,5","121525928,9","6132982,96",1466233634,"369884878,7","110009389,4","24264201,69","24298376,75","19283813,7","493425,62",,,,"1803916,37",1546760662,,"303813,41","396110921,6",,"5507603,84","692067365,8",,0,,"63298499,31",,,,,,"42385964,5",,1788879018,,,"19764165,97"
2021,Fevereiro,SC,1105443617.0,33057.29,"2120,06","16712471,31","16044703,91","529769024,4","240911426,2","71027946,28","2447321,25","521910168,4","221153923,6","31691759,22","19460220,83","19967851,4","41238700,89","587100,72",,,,"1608231,77",1550578736,,"271730,54","387848987,4",,"1522809,85","241341409,3",,"18,14",,"61742857,74",,,,,,"69287192,11",,1787299400,,,"15461986,69"
2021,Março,SC,1405274111.0,-2360.71,"2235,89","12253867,3","20062700,78","684333001,7","266603946,6","178634874,7","1995495,5","468069047,2",225349230,"74197949,61","27939457,52","26463670,45","42433685,95","928469,61",,,,"1510204,25",1845743989,,"273683,11","446297893,5",,"1266699,22","221725105,7",,0,,"62856887,01",,,,,,"44881896,98",,1814026369,,,"27138342,32"
2021,Abril,SC,977965625.8,-2461.45,0,"7916502,34","838363,06","514515543,8","218588141,9","159231572,6","2163984,18",1072272720,"255445854,8","55842496,02","31181822,68","20405743,73","48398306,45","654256,3",,,,"1709163,26",1578719312,,"295444,71","396531444,1",,"1405305,91","515693682,3",,0,,"62906945,33",,,,,,"34445364,61",,1700066893,,,"26155846,37"
2021,Maio,SC,1124268566.0,6541.98,"3457,17","5049112,66","283571,86","613011977,7","258773679,6",464239011,"4206934,88",486518989,"266080450,4","33778277,04","26365077,98","21677476,3","49400193,57","678796,75",,,,"1818764,3",1669083786,,"278956,97",415350020,,"2719803,38","232447779,4",,"408,93",,"63019947,52",,,,,,"55937324,64",,1756035227,,,"31516093,75"
2021,Junho,SC,872951479.3,-3537.97,"976,61","6998361,38",1045565,490797494,"293031461,2","220501220,9","2181633,91","543678499,9","259540822,3","36393115,7","22750529,33","21713295,33","49089184,55","842326,85",,,,"1947024,57",1494306972,,"329798,33","375089523,4",,"1339012,61","263485315,5",,0,,"59339499,75",,,,,,"39768812,92",,1821739722,,,"46275954,68"
2021,Julho,SC,997846955.8,-3197.93,"1936,06","3339729,62","1616479,45","544796860,1","296728467,5","161919892,8","2664014,8",1219082925,"257825341,8","48749085,35","19225860,48","23345112,69","54658213,33","987888,96",,,,"2084979,61",1620220455,,"352290,09","402950689,7",,"1580557,46",592436902,,"88,2",,"66810000,94",,,,,,"49411877,07",,2028891901,,,"20797249,62"
2021,Agosto,SC,964162406.5,-3332.11,0,"3058303,23",1368218,"521338188,7","342635797,5","168664233,9","3047072,7","553633594,9","278072803,3","38551404,7","32595328,03","23776542,68","53486095,81","1503348,83",,,,"1846144,85",1693749018,,"286176,99","422242524,2",,"2594964,12","272693759,1",,"44,1",,"60002518,02",,,,,,"43242462,29",,2005507514,,,"21409056,43"
2021,Setembro,SC,1157526434.0,307.92,0,"7656560,55","228523,9","642282676,6","384032839,1","216725016,8","3023331,85","564257344,2","257776901,7","39590778,6","27846317,25","24360696,59","50753815,18","25172308,1",,,,"1926037,51",1807042698,,"378908,7","447841637,5",,"2237095,2","279142752,4",,"765,05",,"63832539,54",,,,,,"59336247,89",,2153371325,,,"24757235,08"
2021,Outubro,SC,1187883203.0,-5536.0,0,"12415820,43","19065649,83","613833630,1","295711428,1","174020352,4","2614587,69",1365747467,262068198,"53144004,19","22596973,68","23162591,53","56513882,93","2565690,11",,,,"2066853,02",1784046791,,"343072,13","447689760,1",,"2807060,9",658999659,,"1949,41",,"63287305,17",,,,,,"63966676,76",,2020143258,,,"23717359,51"
2021,Novembro,SC,1178916229.0,-3701.6,0,"13416842,02","22060445,36","642910933,9","357573292,7","165742449,1","5481505,09","558508181,9","303861563,8","44080742,66","27904853,61","23442751,75","65172951,26","1825644,91",,,,"2456833,85",1885390034,,"366463,22","466211659,7",,"4034068,41","293875146,9",,"44,1",,"116185680,9",,,,,,"60098082,68",,2205559102,,,"21367034,75"
2021,Dezembro,SC,1227576311.0,9282.04,0,"14360590,04","25673656,81","679738026,8","370892595,9","149501745,7","2020231,3","591539100,4","301430459,7","73356083,51","41590491,07","24066125,37","67042811,58","1410733,46",,,,"1881802,98",1981125558,,"310310,03","480922832,1",,"1695281,64","305957051,9",,"44,1",,"78359799,92",,,,,,"42357938,85",,3404456920,,,"21963216,44"
2022,Janeiro,SC,1210482158.0,-2774.12,0,"9055459,22","25153126,91","655133741,2","290499741,1","130035748,3","10485183,52",1696452703,"481669945,1","98202917,92",31866306,"25757804,49","52218064,44","1796024,34",,,,"2152788,49",2053487155,,"348308,34","507342510,8",,10516859,"801635467,8",,"1936,56",,"62605969,29",,,,,,"45807066,42",,2160801117,,,"21886997,92"
2022,Fevereiro,SC,956815550.7,-3169.91,0,"13169849,24","30914519,83",513010694,"240547677,9","83992746,09","3678611,39","576234490,1","275166994,5",47106092,"21000938,81","21569190,78","49036539,17","1149899,77",,,,"2025847,09",1759416026,,"342843,5","449498523,7",,"2739545,5","270940059,8",,"579,78",,"61561267,43",,,,,,"31199841,44",,2066355491,,,"50599444,24"
2022,Março,SC,1092217379.0,-2879.12,0,"14044926,2","25158843,19","439778287,7","312947316,8","94633891,77","3525297,3",624789588,"281025765,1","54189720,97","35057019,45","25367934,81","45937600,54","3208513,97",,,,"2259974,33",1813348841,,"384698,85","463549878,9",,"2510586,07","287297822,8",,"865,24",,"62872091,22",,,,,,"38095475,87",,2175139712,,,"27895952,32"
2022,Abril,SC,781835841.9,-2975.85,0,"10011849,19","33632572,69","347411204,1","246597816,9","338030870,2","2753610,59",1354593513,"319972654,9","92286339,12","18227927,74","23625573,37","56327719,96","586570,34",,,,"1928009,66",1726550776,,"330244,22","437529424,7",,"1869628,07","664999695,1",,0,,"62755348,63",,,,,,"59810742,78",,2160649120,,,"27660639,57"
2022,Maio,SC,900313637.9,8166.02,0,"9832344,75","32980712,65","357469972,2","264624805,4","543433386,4","3172649,19","482274432,7","350320383,7",59666991,"28124694,66","23549605,8","52432107,21","1067064,44",,,,"2687338,56",1838535698,,"443781,11","459719188,1",,"2157621,74","247424168,4",,"1127,24",,"62811294,03",,,,,,"108954031,8",,2268773222,,,"63040611,01"
2022,Junho,SC,774676739.7,8143.85,0,"13651257,77","42107000,82","315581587,5","270388555,9","222895083,6","5587497,63","505600425,6","345771514,7","57695106,89","23473218,64","26044226,49","54343343,1","582035,68",,,,"2464381,67",1840853460,,"408807,59","460227872,9",,"3623781,8","266210830,4",,"578,76",,62889192,,,,,,"91645283,47",,2374833139,,,"80048467,66"
2022,Julho,SC,1015161388.0,6823.09,0,"8332120,17","19487439,02","420686158,8","238452217,4","166900664,7","6250223,89",1360267277,"324798752,7","101505604,7","28148060,24","25853679,9","57463300,05","670419,72",,,,"2201341,89",2013590477,,"364935,87","496510585,3",,"3974590,83","697259024,1",,0,,"62823542,3",,,,,,108934152,,2301361785,,,"97462722,27"
2022,Agosto,SC,1190089485.0,12408.66,0,"11845008,94","28625114,37","472008919,9","215244910,2","168826535,4","4537944,79","538978077,8","354894880,5","66796305,36","30506697,64","25735241,89","57585450,54","1914815,94",,,,"2398446,93",2178342208,,"389399,66","534781735,3",,"2887993,95","281636580,8",,"704,42",,"62684078,05",,,,,,"135186300,6",,2419847029,,,"30390376,67"
2022,Setembro,SC,1146671708.0,12079.65,0,"11840644,71","40083020,86","473066184,8","263670497,8",168794111,"4509369,91","601081862,1","363377043,9","71651651,42","84428016,55","28198992,74","59365455,8","32775314,96",,,,"2665023,5",2260133647,,"442557,75","545039284,2",,"3024685,43","311562320,2",,"12,98",,"62915960,99",,,,,,"164994860,4",,2433037364,,,"35079832,62"
2022,Outubro,SC,1198632680.0,49754.68,0,"7063244,04","19246059,95","484665003,6","285215152,7",183215310,"5025261,48",1460309787,"350892427,1","105680540,7","28139748,62","34062917,84","56699681,44","2532044,31",,,,"2497704,17",2189210315,,"410713,51","528935975,7",,"3349170,03","747860775,8",,0,,"62594124,23",,,,,,"149281098,1",,2340200277,,,"41616123,87"
2022,Novembro,SC,1069558661.0,8041.03,0,"12489458,46","35069468,2","483519817,3","239098953,7","150009905,8","6181690,48","545797561,4","402592643,1","72725320,28","58448817,21",27755487,"56159005,87","2575395,33",,,,"2606867,52",2176250118,,"432209,41","530612934,7",,"3853531,17","292769620,6",,"536,28",,114638153,,,,,,"129742417,5",,2419119210,,,"37237458,99"
2022,Dezembro,SC,994308520.5,10633.01,0,"19237527,61","26995480,42","437567725,1","228254693,3","157782291,1","4979025,26","486925465,6","406064425,4",147262438,76207330,"42849851,13","66288315,59","1912426,97",,,,"2562988,81",2049618600,,"426784,72",500888212,,"3203535,48","263140406,2",,0,,"73311110,49",,,,,,"123693245,6",,3871787531,,,"36836015,35"
2023,Janeiro,SC,988303561.8,8015.91,0,"12532351,16","2697633,06","413899197,6","193555425,9","99416783,28","12580250,85",2159157398,"642937516,6","179650349,4","31486135,6","27685235,77","59957029,64","829742,29",,,,"2853208,5",2121093916,,"466568,04","533900882,4",,"11835204,81",1001958996,,"3430,29",,"60279032,92",,,,,,"76108497,23",,2480297849,,,"24348413,51"
2023,Fevereiro,SC,873599391.7,6879.96,0,"12370118,07","23938732,15","362676419,9","225720855,3","192340091,7","5614501,9","598028797,8","342096723,9","78448250,77","29627436,8","24858363,15","64139446,18","696857,81",,,,"2884889,91",1816486346,,"479678,77",457215625,,"3546183,82","289917269,7",,"2435,31",,"60949410,31",,,,,,"67405413,8",,2377555344,,,"31109771,34"
2023,Março,SC,1002120548.0,8585.32,0,"8975324,12","30117458,81","388110295,6","372068279,7","84080064,28","4743004,17","556356975,7","350777216,1","84229077,58","33620727,85","27181165,31","62703031,15","1705485,26",,,,"2588785,15",2008500806,,"424010,56",496860864,,"3442155,54","277762977,8",,"101,31",,"61114886,41",,,,,,"89713060,55",,2429260783,,,"29070566,29"
2023,Abril,SC,926719961.9,7890.52,0,"8014966,42","37023323,52","344890862,8","282394249,1","286563374,9","3821661,97",1526909284,"411743735,3","158673526,8","47235584,32","27844953,79","72778465,05","1049252,88",,,,"2904701,19",1994553956,,"480494,31","492015446,5",,"2448766,45","761816595,3",,"975,6",,"61242533,91",,,,,,"75990745,71",,2451489943,,,"87860624,8"
2023,Maio,SC,942331682.4,10000.93,0,"5116808,55","24808813,64","400456876,3","243417228,4","676971075,3","6182481,23","508624735,8","387624465,4","85243872,72","36989716,22","31882291,99","70290438,69","2731375,26",,,,"2807932,06",2029062318,,"463290,78","501582441,9",,"3893773,23","275868013,6",,0,,"66317394,85",,,,,,"79154735,18",,2538935533,,,"55507000,35"
2023,Junho,SC,914362610.2,6689.48,"1294,26","3368668,25","34260740,15","376685173,7","302485995,7","243143281,5","6036724,33","571832803,2","392055268,6","91690674,69","35328321,54","30452604,13","73771272,71","671212,54",,,,"2920179,64",1959585625,,"475807,41","489156064,6",,"3658341,03","301731606,3",,0,,"65613550,26",,,,,,85.282.073,,2.587.669.611,,,68.383.076
2023,Julho,SC,858906061.4,8872.81,0,"3528217,14","27159208,69","371071729,3","265731790,9","212549915,1","5966895,03",1401185552,"372968912,8","161970322,8","58127502,75","30210436,91","72520795,66","1577370,17",,,,"2950836,28",1883547527,,"480368,15","483005434,4",,"3688097,04","762420444,4",,0,,"65588010,31",,,,,,"88171858,36",,2512825943,,,"40795135,31"
2023,Agosto,SC,1052283107.0,7794.85,0,"3389558,14","41639967,98","455975314,5",243906178,214938068,"5025919,89","491841208,7","412002391,7","86269628,47","40966158,62","27791918,07","71547373,2","2106093,04",,,,"2695898,03",2143036569,,"440864,37","527547294,2",,"3142059,81",279486714,,0,,"65495261,24",,,,,,"107225293,6",,2576694952,,,"35160480,7"
